{"type":"FeatureCollection","features":[{"type":"Feature","properties":{"il":"nevsehir","name":"Nevşehir"},"geometry":{"type":"Polygon","coordinates":[[[35.0496983,38.9541836],[35.0446646,39.0468344],[35.0349209,39.064471],[35.0246643,39.0527944],[35.0040078,39.0852245],[35.0085296,39.140487],[34.9508794,39.1396761],[34.9466847,39.1639808],[34.9294395,39.172422],[34.9681216,39.2146364],[34.9653247,39.2455941],[34.9230672,39.2481755],[34.9183205,39.258709],[34.9519913,39.3084322],[34.9351394,39.3087408],[34.9117596,39.3385856],[34.9225098,39.3724783],[34.9039329,39.372581],[34.8915555,39.3513472],[34.8692635,39.3560405],[34.8517301,39.3344823],[34.8563644,39.3202851],[34.7746338,39.3044946],[34.7059019,39.3651489],[34.6596195,39.3765196],[34.5845556,39.3227159],[34.6375743,39.3036529],[34.6596826,39.3171076],[34.6741886,39.3114473],[34.675976,39.2859055],[34.7048405,39.2662458],[34.6915141,39.2539964],[34.694527,39.2367747],[34.681757,39.2447576],[34.6422753,39.2365512],[34.5940612,39.2069239],[34.5868359,39.1798991],[34.6308926,39.1667387],[34.5895961,39.1329606],[34.5605037,39.1450308],[34.5772143,39.1275958],[34.5504687,39.106731],[34.5601204,39.0987846],[34.5500567,39.0876127],[34.528405,39.1023346],[34.5155119,39.0802615],[34.5733608,39.0654644],[34.5834759,39.0776801],[34.6094694,39.0727519],[34.6054027,39.0645715],[34.625459,39.0609587],[34.6279545,39.0362195],[34.6004117,39.0144996],[34.5678593,39.0238129],[34.5624284,39.060594],[34.5422796,39.0625316],[34.5062335,39.0092621],[34.4736073,38.9995659],[34.487009,38.9786607],[34.4379235,38.9865986],[34.4337285,38.934562],[34.4151172,38.9303639],[34.3906018,38.8822554],[34.3546355,38.8492218],[34.3048644,38.8926881],[34.280948,38.9005191],[34.2527909,38.8872112],[34.2548828,38.8617205],[34.2388048,38.8492535],[34.2474801,38.8208335],[34.2946263,38.8120216],[34.2645675,38.7520095],[34.2807786,38.7469871],[34.2896179,38.7125362],[34.2819701,38.6764518],[34.2440774,38.6513374],[34.240312,38.6262637],[34.2860165,38.6164917],[34.2977529,38.599227],[34.3569034,38.5936058],[34.4284576,38.5422173],[34.4167423,38.5172144],[34.4381866,38.4891181],[34.4352642,38.4492278],[34.4603826,38.438544],[34.4576568,38.4251228],[34.5076809,38.3860976],[34.5232709,38.3530558],[34.5629871,38.3461063],[34.5858901,38.3278955],[34.5740899,38.305953],[34.6050094,38.2811968],[34.6832851,38.346007],[34.6961326,38.3333332],[34.7858811,38.3400027],[34.8194988,38.302759],[34.8305129,38.3513503],[34.8781236,38.3666333],[34.8522797,38.3819361],[34.8469256,38.4244058],[34.8688397,38.4429747],[34.9306747,38.4331642],[34.9584078,38.4142564],[35.0026417,38.4157061],[34.9907431,38.4546981],[35.0057414,38.4723994],[35.0409614,38.4862947],[35.1361722,38.4685328],[35.1664006,38.5026111],[35.1422175,38.5104608],[35.1362525,38.5446944],[35.0923097,38.5773033],[35.0982608,38.6118222],[35.0719158,38.6393772],[35.0893225,38.6446119],[35.0826364,38.6838597],[35.0993933,38.7025181],[35.0678817,38.7423161],[35.0789494,38.7470103],[35.0450017,38.7745444],[34.9769783,38.7883686],[34.9650167,38.8066917],[34.9606631,38.8443289],[35.0193256,38.8648789],[35.0016214,38.9102281],[35.0270103,38.9244056],[35.0327194,38.9547408],[35.0496983,38.9541836]]]}},{"type":"Feature","properties":{"il":"yozgat","name":"Yozgat"},"geometry":{"type":"Polygon","coordinates":[[[35.4621967,39.1758911],[35.5059728,39.1964367],[35.5315036,39.1815783],[35.5436031,39.1916256],[35.6101167,39.1882869],[35.6638294,39.2288028],[35.7303628,39.2221242],[35.7481883,39.2335775],[35.7426144,39.2738419],[35.7742511,39.2889867],[35.7667278,39.3072625],[35.7801222,39.3125083],[35.7828236,39.3002308],[35.856485,39.3223264],[35.8863685,39.3931428],[35.8697,39.4118123],[35.8596142,39.4592331],[35.867993,39.5129539],[35.8825317,39.5298478],[35.9418947,39.5434224],[36.019733,39.5073136],[36.0610616,39.5083328],[36.1044759,39.5221044],[36.1435365,39.5550009],[36.1391597,39.5823222],[36.1548258,39.6029702],[36.1431685,39.6545508],[36.1682786,39.69561],[36.1546386,39.7114302],[36.1034355,39.7226217],[36.0496282,39.7670607],[36.0766682,39.8584653],[36.000682,39.8914544],[35.9617422,39.9965348],[35.941992,40.0167163],[35.9439168,40.0510847],[36.0273387,40.0827019],[36.0455475,40.0997084],[36.0375429,40.1046253],[35.7786025,40.0995426],[35.7595805,40.0755586],[35.6992902,40.0687799],[35.6442085,40.1136678],[35.489122,40.1398804],[35.5095288,40.1756026],[35.5027627,40.1948345],[35.4325569,40.2427259],[35.3623573,40.2330084],[35.3472284,40.2365534],[35.3399519,40.2550786],[35.2427266,40.1930771],[35.1921805,40.2043048],[35.17912,40.2349681],[35.1572595,40.2395249],[35.1361378,40.2117098],[35.1570283,40.1834122],[35.1559291,40.1510391],[35.2013035,40.1519535],[35.2026857,40.1431722],[35.1464548,40.1072886],[35.1516963,40.0919873],[35.1954525,40.08157],[35.1895229,40.0553769],[35.1529748,40.0199301],[35.1057798,40.0260639],[35.0697711,40.0045445],[34.9444377,40.0013421],[34.8975733,39.9884522],[34.8884453,40.0057434],[34.8987462,40.0308335],[34.8767989,40.0491352],[34.8340121,40.004244],[34.7964696,39.9938229],[34.683037,40.0176437],[34.658154,40.0109435],[34.6344038,39.9627555],[34.5844364,39.943551],[34.5417342,39.9517689],[34.5298128,39.9784467],[34.4634577,39.9922972],[34.4129839,39.9952073],[34.380396,39.9550012],[34.3207339,39.9394362],[34.2498033,39.9451581],[34.208147,39.9775884],[34.1668467,39.9378722],[34.0951588,39.908757],[34.0945653,39.8763984],[34.0641555,39.8585964],[34.0707698,39.8458485],[34.0606553,39.8351561],[34.1046584,39.7965321],[34.1840178,39.7983763],[34.2097827,39.7511955],[34.2275484,39.7515479],[34.2486327,39.7173879],[34.2923666,39.6951738],[34.3768103,39.7028367],[34.4433762,39.6734503],[34.4683247,39.6754858],[34.4662207,39.6539633],[34.426904,39.63767],[34.477296,39.6010878],[34.4770141,39.573789],[34.4979375,39.5686963],[34.4977325,39.4673504],[34.636687,39.4145704],[34.7699916,39.3067687],[34.8563644,39.3202851],[34.8517301,39.3344823],[34.8692635,39.3560405],[34.8915555,39.3513472],[34.9039329,39.372581],[34.9225098,39.3724783],[34.9117596,39.3385856],[34.9351394,39.3087408],[34.9519913,39.3084322],[34.9183205,39.258709],[34.9230672,39.2481755],[34.9653247,39.2455941],[34.9681216,39.2146364],[34.9294395,39.172422],[34.9466847,39.1639808],[34.9508794,39.1396761],[35.0085296,39.140487],[35.0040078,39.0852245],[35.0246643,39.0527944],[35.0349209,39.064471],[35.0440617,39.03369],[35.0684775,39.0504886],[35.0915142,39.0290789],[35.1485197,39.0097439],[35.1824567,39.0190469],[35.2318692,38.9922894],[35.2449828,39.0039086],[35.2831711,38.9871947],[35.3535856,39.0157469],[35.3751456,38.9901169],[35.4366069,38.9904017],[35.3698261,39.0276994],[35.4126769,39.0618078],[35.4511694,39.0491814],[35.4745589,39.0556272],[35.4688656,39.0900689],[35.4491522,39.0909425],[35.4621825,39.1093139],[35.4348406,39.1102658],[35.4327661,39.1398464],[35.4410947,39.1528597],[35.4518994,39.1472947],[35.4621967,39.1758911]]]}},{"type":"Feature","properties":{"il":"kayseri","name":"Kayseri"},"geometry":{"type":"Polygon","coordinates":[[[36.2596944,39.0685267],[36.2287503,39.0668542],[36.2239697,39.078095],[36.1589864,39.1006592],[36.1482542,39.0880217],[36.0997628,39.0815522],[36.0917567,39.1058828],[36.0418822,39.1373689],[35.9779411,39.1437164],[35.9605594,39.1575825],[35.9700794,39.1582622],[35.9776386,39.1899089],[35.9593342,39.1901564],[35.9579772,39.2086467],[35.9435067,39.2070869],[35.9366953,39.2416556],[35.9133486,39.2436739],[35.91508,39.2663258],[35.8538028,39.2928875],[35.8626661,39.3017144],[35.856485,39.3223264],[35.7828236,39.3002308],[35.7801222,39.3125083],[35.7667278,39.3072625],[35.7742511,39.2889867],[35.7426144,39.2738419],[35.7481883,39.2335775],[35.7303628,39.2221242],[35.6638294,39.2288028],[35.6101167,39.1882869],[35.5436031,39.1916256],[35.5315036,39.1815783],[35.5059728,39.1964367],[35.5026314,39.1837408],[35.4621967,39.1758911],[35.4317111,39.1257022],[35.4348406,39.1102658],[35.4621825,39.1093139],[35.4491522,39.0909425],[35.4688656,39.0900689],[35.4745589,39.0556272],[35.4511694,39.0491814],[35.4126769,39.0618078],[35.3690764,39.0246161],[35.4366069,38.9904017],[35.3751456,38.9901169],[35.3535856,39.0157469],[35.2831711,38.9871947],[35.2449828,39.0039086],[35.2318692,38.9922894],[35.1824567,39.0190469],[35.1485197,39.0097439],[35.0915142,39.0290789],[35.0684775,39.0504886],[35.0440617,39.03369],[35.0496983,38.9541836],[35.0327194,38.9547408],[35.0270103,38.9244056],[35.0016214,38.9102281],[35.0193256,38.8648789],[34.9606631,38.8443289],[34.9650167,38.8066917],[34.9769783,38.7883686],[35.0450017,38.7745444],[35.0789494,38.7470103],[35.0678817,38.7423161],[35.0993933,38.7025181],[35.0826364,38.6838597],[35.0893225,38.6446119],[35.0719158,38.6393772],[35.0982608,38.6118222],[35.0923097,38.5773033],[35.1362525,38.5446944],[35.1422175,38.5104608],[35.1664006,38.5026111],[35.1361722,38.4685328],[35.0409614,38.4862947],[35.0057414,38.4723994],[34.9907431,38.4546981],[35.0026417,38.4157061],[34.9584078,38.4142564],[34.8801703,38.4461536],[34.8469256,38.4244058],[34.8522797,38.3819361],[34.8658878,38.3820828],[34.8646031,38.3703208],[34.9336136,38.3396481],[34.9403694,38.3215747],[34.9750814,38.3017861],[35.0082281,38.3008961],[35.0157683,38.27807],[35.0356014,38.2713547],[35.0162106,38.2563303],[35.0081761,38.2285086],[35.0128008,38.2090517],[35.0245322,38.2157647],[35.0382969,38.2041589],[35.0386786,38.1706797],[35.0908742,38.1599408],[35.1063678,38.1896433],[35.1267983,38.1885692],[35.1497281,38.1613275],[35.1944117,38.1640139],[35.2077142,38.1416686],[35.2321903,38.1414375],[35.2212322,38.0916328],[35.2369008,38.0567506],[35.2182925,38.0030053],[35.232305,37.9895064],[35.2007344,37.9806978],[35.2103514,37.9661839],[35.2094136,37.8936339],[35.1703781,37.8230944],[35.1534456,37.8141194],[35.1610578,37.7840158],[35.2149006,37.7607328],[35.3046447,37.7532369],[35.3206733,37.7056078],[35.4051022,37.6914408],[35.4743869,37.7241721],[35.4824597,37.7079578],[35.5128047,37.7183186],[35.5299356,37.7761303],[35.5187469,37.8010114],[35.5611436,37.8023097],[35.5788414,37.7887456],[35.6037414,37.8017789],[35.6235522,37.8408322],[35.5866119,37.8848503],[35.5944075,37.9051442],[35.5756911,37.9414231],[35.5912942,37.9592892],[35.6709506,37.9837753],[35.69,37.9736461],[35.7224917,38.0626483],[35.7484336,38.0407119],[35.7638817,38.0437833],[35.7616667,38.0708164],[35.7767231,38.0534706],[35.7698967,38.1024428],[35.8006214,38.1208911],[35.8157536,38.10852],[35.7896992,38.0811531],[35.8035581,38.0758658],[35.8992117,38.0911956],[35.9198094,38.1098517],[35.9373414,38.0955106],[35.9635264,38.1092044],[35.9923739,38.1696331],[36.0209181,38.1897481],[36.0003833,38.1950336],[35.9903569,38.22343],[36.0454786,38.2597694],[36.1240617,38.3407033],[36.1395169,38.3435792],[36.1356233,38.32221],[36.1436094,38.3230831],[36.1846264,38.3489997],[36.1795194,38.3836617],[36.2807964,38.4046019],[36.2919519,38.38409],[36.3726708,38.3796389],[36.3878464,38.3486228],[36.3672658,38.3358608],[36.3562944,38.2999364],[36.4091283,38.2810308],[36.4115675,38.2610542],[36.4902511,38.2427961],[36.5185722,38.247215],[36.5798092,38.3068039],[36.565495,38.3437922],[36.6073167,38.3856669],[36.6003911,38.389805],[36.6742753,38.392765],[36.7404033,38.4203972],[36.7244958,38.4608975],[36.697355,38.4685708],[36.6681142,38.4995217],[36.7804256,38.5370853],[36.7308689,38.5845542],[36.7799517,38.6014403],[36.7941614,38.641035],[36.7891464,38.6550506],[36.7485928,38.6708917],[36.7641678,38.7057944],[36.7244458,38.7249219],[36.7576867,38.7517872],[36.8136769,38.7619319],[36.8209111,38.7862778],[36.7925825,38.775375],[36.7876847,38.7977344],[36.8604011,38.854075],[36.8494206,38.8978078],[36.8987469,38.9147772],[36.91478,38.9422283],[36.9587414,38.943315],[36.9597697,38.9577492],[36.9250428,38.9786953],[36.9357464,38.9951553],[36.9277725,39.0054467],[36.8795864,39.0424728],[36.8741586,39.0660442],[36.8879706,39.0775914],[36.8467644,39.0988886],[36.8407969,39.1190061],[36.7705583,39.1023047],[36.7679764,39.1353244],[36.747255,39.1384097],[36.7360606,39.1713314],[36.7033769,39.1621711],[36.6885789,39.1751483],[36.6709583,39.1721936],[36.6719031,39.1816731],[36.6561275,39.1783478],[36.6527086,39.1512517],[36.6357597,39.1526575],[36.6327964,39.1328878],[36.5991664,39.1010303],[36.5623514,39.1161889],[36.5420192,39.1029561],[36.5180286,39.1127086],[36.4862919,39.0742806],[36.4465844,39.1301464],[36.4108347,39.1383889],[36.4004758,39.1152178],[36.4094436,39.0907517],[36.3638981,39.0861003],[36.3346192,39.0535297],[36.3310258,39.0744111],[36.2916014,39.0964058],[36.2983928,39.1051242],[36.2630394,39.0954369],[36.2596944,39.0685267]]]}},{"type":"Feature","properties":{"il":"kirsehir","name":"Kırşehir"},"geometry":{"type":"Polygon","coordinates":[[[33.9543916,39.673605],[33.9067131,39.6579464],[33.8629991,39.6052898],[33.841287,39.5958047],[33.8551363,39.5782139],[33.8458535,39.5716794],[33.7320751,39.5281782],[33.7298956,39.513854],[33.7747286,39.5067605],[33.7452927,39.47128],[33.7242936,39.4687799],[33.6796923,39.510512],[33.5155279,39.4180923],[33.4477671,39.4307633],[33.4063338,39.3652268],[33.4279632,39.3671512],[33.4250449,39.3520205],[33.4542274,39.3536797],[33.4659862,39.3395418],[33.443241,39.3186285],[33.4630679,39.3002328],[33.5060691,39.2911328],[33.5584567,39.2083192],[33.7400317,39.1054469],[33.7579396,39.0764487],[33.8463744,39.0719373],[33.8852273,39.0278782],[33.9478741,39.0509266],[33.9697959,39.0313692],[34.008177,39.0392148],[33.969205,38.9744824],[34.0355016,38.9608706],[34.0572126,38.9352643],[34.0745744,38.8816211],[34.1674709,38.8230329],[34.2439281,38.8331843],[34.2388048,38.8492535],[34.2583085,38.8735436],[34.2472542,38.880226],[34.2700992,38.8992618],[34.3048644,38.8926881],[34.3546355,38.8492218],[34.3906018,38.8822554],[34.4151172,38.9303639],[34.4337285,38.934562],[34.4379235,38.9865986],[34.487009,38.9786607],[34.4736073,38.9995659],[34.5062335,39.0092621],[34.5422796,39.0625316],[34.5624284,39.060594],[34.5678593,39.0238129],[34.6004117,39.0144996],[34.6279545,39.0362195],[34.625459,39.0609587],[34.6054027,39.0645715],[34.6094694,39.0727519],[34.5834759,39.0776801],[34.5733608,39.0654644],[34.5155119,39.0802615],[34.528405,39.1023346],[34.5500567,39.0876127],[34.5601204,39.0987846],[34.5504687,39.106731],[34.5772143,39.1275958],[34.5605037,39.1450308],[34.5895961,39.1329606],[34.6308926,39.1667387],[34.5868359,39.1798991],[34.5940612,39.2069239],[34.6422753,39.2365512],[34.681757,39.2447576],[34.694527,39.2367747],[34.6915141,39.2539964],[34.7048405,39.2662458],[34.675976,39.2859055],[34.6741886,39.3114473],[34.6596826,39.3171076],[34.6375743,39.3036529],[34.5845556,39.3227159],[34.6706611,39.3772111],[34.6645651,39.387797],[34.636687,39.4145704],[34.4977325,39.4673504],[34.4979375,39.5686963],[34.4770141,39.573789],[34.477296,39.6010878],[34.426904,39.63767],[34.4662207,39.6539633],[34.4683247,39.6754858],[34.4433762,39.6734503],[34.3768103,39.7028367],[34.2923666,39.6951738],[34.2486327,39.7173879],[34.2275484,39.7515479],[34.2097827,39.7511955],[34.1840178,39.7983763],[34.1578834,39.7987628],[34.0627407,39.7881246],[33.9623686,39.7122928],[33.9543916,39.673605]]]}},{"type":"Feature","properties":{"il":"aksaray","name":"Aksaray"},"geometry":{"type":"Polygon","coordinates":[[[33.969205,38.9744824],[34.008177,39.0392148],[33.9697959,39.0313692],[33.9478741,39.0509266],[33.849306,39.0268521],[33.7954043,38.9780272],[33.7214183,38.9813633],[33.7243365,38.9614111],[33.7380694,38.9592754],[33.737812,38.9265979],[33.7863921,38.9100699],[33.8030433,38.8828153],[33.7986659,38.8576223],[33.7670802,38.8215211],[33.7777232,38.7936974],[33.7525748,38.7760344],[33.7345504,38.7404944],[33.654127,38.7032622],[33.6532413,38.6923719],[33.3236851,38.6618837],[33.3093352,38.5077525],[33.2527623,38.4479984],[33.2088652,38.319865],[33.1788165,38.2972606],[33.1712387,38.2729255],[33.202069,38.2437468],[33.2466338,38.2556091],[33.2688304,38.2437468],[33.2716143,38.20809],[33.2914648,38.1721418],[33.2880815,38.125909],[33.3160909,38.0788199],[33.2892446,38.0329483],[33.2962247,38.0092613],[33.3364264,38.0491185],[33.397363,38.0292347],[33.4226531,37.9827739],[33.5728676,37.9933025],[33.580033,38.0044685],[33.5467613,38.0552062],[33.6014099,38.0874872],[33.7024695,38.1035064],[33.7789813,38.0707549],[33.8157607,38.0794196],[33.8493185,38.1151243],[33.913481,38.1235726],[33.9698582,38.1216718],[33.997523,38.081548],[34.0899714,38.0635185],[34.1487325,38.0922476],[34.1659788,38.126559],[34.2749932,38.1134664],[34.3439042,38.2160849],[34.4369053,38.2338668],[34.4354325,38.2852292],[34.4215949,38.3131393],[34.5006132,38.3865979],[34.472387,38.4051044],[34.4603826,38.438544],[34.4352642,38.4492278],[34.4381866,38.4891181],[34.4167423,38.5172144],[34.4284576,38.5422173],[34.3569034,38.5936058],[34.2977529,38.599227],[34.2860165,38.6164917],[34.240312,38.6262637],[34.2440774,38.6513374],[34.2819701,38.6764518],[34.2885914,38.6993792],[34.2807786,38.7469871],[34.2645675,38.7520095],[34.2903268,38.7862899],[34.2932472,38.8142972],[34.2474801,38.8208335],[34.2412149,38.8324939],[34.1674709,38.8230329],[34.0745744,38.8816211],[34.0572126,38.9352643],[34.0355016,38.9608706],[33.969205,38.9744824]]]}},{"type":"Feature","properties":{"il":"nigde","name":"Niğde"},"geometry":{"type":"Polygon","coordinates":[[[33.9755405,37.9960763],[33.9943099,37.9628811],[34.082866,37.9708928],[34.1232057,37.9551683],[34.1988281,37.8739221],[34.2568251,37.8656207],[34.2877574,37.8464649],[34.3507938,37.7649379],[34.3788259,37.6853562],[34.36735,37.6594673],[34.297168,37.5976546],[34.3083009,37.4958304],[34.3951725,37.4360167],[34.4136879,37.3644725],[34.436517,37.3314242],[34.5429135,37.3514447],[34.566241,37.3748467],[34.6687476,37.408371],[34.7019781,37.432312],[34.7882041,37.4239896],[34.8020667,37.4660784],[34.8320547,37.4822985],[34.8499295,37.5147164],[34.8474673,37.5395568],[34.8695169,37.560826],[34.8476525,37.6087017],[34.8918344,37.6908597],[34.9365085,37.6936459],[35.05271,37.6500269],[35.0910019,37.6495881],[35.3111078,37.7175514],[35.3046447,37.7532369],[35.2149006,37.7607328],[35.1610578,37.7840158],[35.1498853,37.8050503],[35.2094136,37.8936339],[35.2103514,37.9661839],[35.2007344,37.9806978],[35.232305,37.9895064],[35.2182925,38.0030053],[35.2369008,38.0567506],[35.2212322,38.0916328],[35.2321903,38.1414375],[35.2077142,38.1416686],[35.1944117,38.1640139],[35.1497281,38.1613275],[35.1267983,38.1885692],[35.1063678,38.1896433],[35.0908742,38.1599408],[35.0386786,38.1706797],[35.0382969,38.2041589],[35.0245322,38.2157647],[35.0128008,38.2090517],[35.0081761,38.2285086],[35.0162106,38.2563303],[35.0356014,38.2713547],[35.0157683,38.27807],[35.0082281,38.3008961],[34.9750814,38.3017861],[34.9403694,38.3215747],[34.9336136,38.3396481],[34.9068631,38.34359],[34.8781236,38.3666333],[34.8305129,38.3513503],[34.8194988,38.302759],[34.7858811,38.3400027],[34.6961326,38.3333332],[34.6832851,38.346007],[34.6050094,38.2811968],[34.5740899,38.305953],[34.5858901,38.3278955],[34.5629871,38.3461063],[34.5232709,38.3530558],[34.5029958,38.3886501],[34.4215949,38.3131393],[34.4374268,38.2624622],[34.427892,38.2246276],[34.3633016,38.2267172],[34.3202206,38.1945853],[34.2749932,38.1134664],[34.1659788,38.126559],[34.1397997,38.0849358],[34.0525591,38.0550298],[34.0701932,38.0394581],[34.0607778,38.0274975],[33.9755405,37.9960763]]]}},{"type":"Feature","properties":{"il":"adana","name":"Adana"},"geometry":{"type":"Polygon","coordinates":[[[34.7392967,36.574],[34.8177011,36.537],[34.9100915,36.523],[35.1507789,36.408],[35.402576,36.2630414],[35.9650416,36.6709661],[36.0003722,36.7339135],[36.0003722,36.7858064],[35.9396508,36.8935745],[35.9474325,36.9336066],[36.0575643,37.0082109],[36.0645587,37.0569374],[36.0950968,37.0610369],[36.0895003,37.0809415],[36.099166,37.0845361],[36.0773473,37.115512],[36.0961582,37.1549804],[36.0767706,37.1655173],[36.0736975,37.1999082],[35.9928366,37.2184161],[35.9724475,37.2200863],[35.895856,37.1835032],[35.8989587,37.1746212],[35.8805682,37.175697],[35.8873694,37.2084485],[35.9169511,37.2431774],[35.9034194,37.2846208],[35.9202763,37.3456826],[35.9146673,37.4631844],[35.947189,37.4885968],[35.9716379,37.5663131],[36.0694029,37.6408679],[36.1465721,37.7327001],[36.2672972,37.7556632],[36.2684122,37.7778333],[36.2555254,37.7898151],[36.2923058,37.906644],[36.2353572,37.9466038],[36.2018762,37.934954],[36.2013033,37.9430333],[36.2337968,38.0215807],[36.2544033,38.0260337],[36.265404,38.0532633],[36.3321715,38.0675739],[36.3492538,38.0535027],[36.3427345,38.0859007],[36.3582178,38.1047128],[36.3480314,38.1224515],[36.3626707,38.1411666],[36.3516985,38.1484108],[36.3889127,38.1862114],[36.3940737,38.2131083],[36.3807227,38.2108006],[36.3788353,38.2571889],[36.3977408,38.2430889],[36.4095784,38.2628794],[36.4091283,38.2810308],[36.3562944,38.2999364],[36.3672658,38.3358608],[36.3878464,38.3486228],[36.3747044,38.37838],[36.2919519,38.38409],[36.2807964,38.4046019],[36.1795194,38.3836617],[36.1846264,38.3489997],[36.1436094,38.3230831],[36.1356233,38.32221],[36.1395169,38.3435792],[36.1240617,38.3407033],[36.0454786,38.2597694],[35.9903569,38.22343],[36.0003833,38.1950336],[36.0209181,38.1897481],[35.9923739,38.1696331],[35.9635264,38.1092044],[35.9373414,38.0955106],[35.9198094,38.1098517],[35.8992117,38.0911956],[35.8517442,38.0902456],[35.8265817,38.0755222],[35.7896992,38.0811531],[35.8157536,38.10852],[35.8006214,38.1208911],[35.7698967,38.1024428],[35.7767231,38.0534706],[35.7616667,38.0708164],[35.7638817,38.0437833],[35.7484336,38.0407119],[35.7224917,38.0626483],[35.69,37.9736461],[35.6709506,37.9837753],[35.6047461,37.9680317],[35.5756911,37.9414231],[35.5944075,37.9051442],[35.58658,37.8851875],[35.5972875,37.8601467],[35.6235522,37.8408322],[35.6037414,37.8017789],[35.5788414,37.7887456],[35.5611436,37.8023097],[35.5187469,37.8010114],[35.5299356,37.7761303],[35.5128047,37.7183186],[35.4824597,37.7079578],[35.4743869,37.7241721],[35.4051022,37.6914408],[35.3206733,37.7056078],[35.3111078,37.7175514],[35.0910019,37.6495881],[35.05271,37.6500269],[34.9365085,37.6936459],[34.8795525,37.6819709],[34.8476525,37.6087017],[34.8695169,37.560826],[34.8474673,37.5395568],[34.8499295,37.5147164],[34.8320547,37.4822985],[34.8020667,37.4660784],[34.797161,37.4315526],[34.7696835,37.4139628],[34.7875428,37.3758109],[34.7787786,37.3308687],[34.8174441,37.3090027],[34.9349448,37.2918434],[34.9745713,37.2676679],[34.9623193,37.2188807],[34.9308191,37.1985686],[35.0118598,37.0647887],[35.0814782,37.0646132],[35.0810383,37.0508336],[35.1225013,37.0406508],[35.0883933,36.9760166],[35.0968138,36.9513012],[35.1152013,36.944709],[35.122247,36.9190217],[35.1408064,36.9087168],[35.1369323,36.8621409],[35.1516494,36.8579385],[35.1244182,36.8223629],[35.1470746,36.799052],[35.0956467,36.7832184],[35.0738457,36.7985808],[35.0421742,36.7642432],[35.0266818,36.778372],[35.025566,36.7569199],[35.005267,36.7679218],[35.0084886,36.7511808],[34.9815733,36.7607536],[34.9577141,36.7539183],[34.9579206,36.7412663],[34.9271477,36.7451071],[34.7392967,36.574]]]}},{"type":"Feature","properties":{"il":"osmaniye","name":"Osmaniye"},"geometry":{"type":"Polygon","coordinates":[[[36.260667,37.7497797],[36.1465721,37.7327001],[36.0694029,37.6408679],[35.9716379,37.5663131],[35.947189,37.4885968],[35.9146673,37.4631844],[35.9202763,37.3456826],[35.9034194,37.2846208],[35.9169511,37.2431774],[35.8764549,37.1849843],[35.8989587,37.1746212],[35.895856,37.1835032],[35.9724475,37.2200863],[36.0736975,37.1999082],[36.0767706,37.1655173],[36.0961582,37.1549804],[36.0779916,37.105474],[36.099166,37.0845361],[36.0895003,37.0809415],[36.0923052,37.0581042],[36.0571269,37.0459331],[36.0575643,37.0082109],[36.1580554,36.9930651],[36.2159432,37.0044304],[36.2060466,36.9780535],[36.2353925,36.9647451],[36.3690029,36.9316716],[36.4428239,36.9330997],[36.4606509,36.9787552],[36.5239473,37.0126684],[36.5622654,37.0513246],[36.5734526,37.0924883],[36.6237938,37.1261465],[36.6256856,37.1537221],[36.6795332,37.1839792],[36.6965365,37.2202735],[36.6892423,37.2406733],[36.6711336,37.24207],[36.6880281,37.2782119],[36.65937,37.2724258],[36.6305018,37.2979077],[36.6913618,37.3583128],[36.628243,37.3452151],[36.5247054,37.355107],[36.5860554,37.4118396],[36.5186484,37.440155],[36.4653279,37.4140848],[36.4750802,37.3950312],[36.4686042,37.376091],[36.4141686,37.3658663],[36.4039017,37.3520992],[36.3759209,37.3477325],[36.3525218,37.3645373],[36.2734459,37.3587707],[36.2570544,37.3968021],[36.2666554,37.4076548],[36.2526229,37.4160966],[36.2605601,37.4318935],[36.2456918,37.4768638],[36.2514984,37.4974758],[36.2365592,37.5202859],[36.2543488,37.5678933],[36.2469379,37.5798596],[36.2607977,37.6016746],[36.2659868,37.6685076],[36.2130232,37.7157561],[36.260667,37.7497797]]]}},{"type":"Feature","properties":{"il":"hakkari","name":"Hakkâri"},"geometry":{"type":"Polygon","coordinates":[[[43.3071205,37.5103768],[43.3419272,37.401767],[43.3313508,37.3270843],[43.361088,37.327591],[43.372269,37.307705],[43.476223,37.263087],[43.47462,37.25306],[43.498498,37.242385],[43.56595,37.257579],[43.584474,37.238424],[43.609953,37.238241],[43.620515,37.221483],[43.642527,37.217217],[43.689132,37.235255],[43.789677,37.2291],[43.810318,37.223798],[43.830395,37.193085],[43.854262,37.224408],[43.919411,37.224773],[43.944239,37.268458],[43.957806,37.2715],[43.95475,37.292179],[43.993066,37.298828],[44.020424,37.328579],[44.023703,37.317197],[44.040402,37.325705],[44.068579,37.313478],[44.126128,37.322719],[44.15289,37.302096],[44.2290282,37.282356],[44.2506752,37.2503139],[44.2683682,37.2443999],[44.2657922,37.1978428],[44.2804509,37.1912127],[44.2808924,37.1769399],[44.2634203,37.1602158],[44.2227314,37.1589462],[44.1851202,37.0978625],[44.2293922,37.0530454],[44.2328505,37.0385917],[44.2182942,37.0354399],[44.2565081,36.9923671],[44.2510911,36.982849],[44.3095231,36.9627048],[44.3148074,36.984447],[44.3673331,37.0246436],[44.3494849,37.040228],[44.3586021,37.0522637],[44.4144081,37.0524157],[44.4667891,37.074089],[44.5166811,37.1030583],[44.5245121,37.1209165],[44.5513811,37.1238245],[44.5594821,37.1497958],[44.6267979,37.189762],[44.6738411,37.170919],[44.7640311,37.1665389],[44.7843055,37.1438498],[44.7575679,37.2283412],[44.815136,37.279599],[44.798524,37.310654],[44.732434,37.342232],[44.7214731,37.3756933],[44.6573683,37.3859048],[44.630891,37.431615],[44.5798293,37.4476059],[44.5850189,37.5073768],[44.601454,37.514202],[44.613059,37.545595],[44.6012501,37.5560898],[44.6128461,37.5713523],[44.5989035,37.580766],[44.614409,37.602176],[44.56816,37.644762],[44.574348,37.665861],[44.6304124,37.7063482],[44.5878635,37.7633638],[44.5549506,37.7805011],[44.4524826,37.7666873],[44.4431344,37.7746622],[44.4483769,37.8065854],[44.3111098,37.7772804],[44.2119205,37.7298594],[44.1320937,37.7335281],[44.1028402,37.7203014],[44.0819786,37.7395889],[44.0891009,37.7806743],[44.0537531,37.8105835],[43.8454205,37.7516703],[43.6782142,37.7728367],[43.4991914,37.7417871],[43.4754637,37.6320128],[43.3958997,37.5437928],[43.3159642,37.542247],[43.3071205,37.5103768]]]}},{"type":"Feature","properties":{"il":"kars","name":"Kars"},"geometry":{"type":"Polygon","coordinates":[[[42.9064207,40.8832757],[42.8937926,40.8180681],[42.8614301,40.809982],[42.8514048,40.7313047],[42.5539888,40.6106969],[42.5169571,40.5726666],[42.5095721,40.5430536],[42.46221,40.5131612],[42.4792115,40.4914653],[42.4773377,40.4075805],[42.4881863,40.3917752],[42.4662259,40.3826708],[42.4464143,40.3969106],[42.4147062,40.385621],[42.3958936,40.363123],[42.3753092,40.3799481],[42.337378,40.3768439],[42.3257686,40.3873107],[42.2447032,40.3474002],[42.1339574,40.3523501],[42.1203487,40.3368577],[42.1355586,40.3289018],[42.1307344,40.3153597],[42.1086615,40.2951089],[42.1204674,40.2674973],[42.1006618,40.260522],[42.1361377,40.2329459],[42.1550728,40.2487288],[42.1582376,40.2388045],[42.1893039,40.2421156],[42.2253286,40.202891],[42.2780835,40.2147672],[42.2968823,40.1972529],[42.2987524,40.1763501],[42.3207992,40.1810876],[42.3412712,40.1620603],[42.363318,40.1752973],[42.3918608,40.1161622],[42.4141499,40.1197128],[42.4285726,40.0996765],[42.4437246,40.0569651],[42.4775822,40.0522189],[42.5456911,40.0046634],[42.5613404,39.9838522],[42.543531,39.9617629],[42.5566822,39.9346359],[42.6306977,39.934833],[42.792925,39.9725456],[42.883893,39.9808928],[43.2707978,39.9944458],[43.321296,40.0430236],[43.357981,40.0438592],[43.3661802,40.0660031],[43.3425199,40.0930287],[43.3464148,40.1176741],[43.3755235,40.1306268],[43.4705479,40.1061953],[43.5975212,40.115081],[43.6487368,40.1312363],[43.661868,40.1542772],[43.7156749,40.1621881],[43.6531003,40.2248851],[43.6837106,40.2266454],[43.6828082,40.2573388],[43.6409417,40.2724221],[43.590814,40.3451289],[43.617821,40.390096],[43.6197206,40.4215067],[43.542128,40.4768947],[43.5712828,40.5040062],[43.6191699,40.5251387],[43.6343707,40.519285],[43.628445,40.5378776],[43.6499291,40.5312524],[43.6433979,40.5617375],[43.6670115,40.5677166],[43.7264215,40.6647494],[43.7466845,40.6758043],[43.7467311,40.7032077],[43.7353107,40.7126749],[43.7452474,40.7406981],[43.7066042,40.8209072],[43.6770061,40.8475169],[43.671597,40.936657],[43.577764,40.993311],[43.4840989,41.0161629],[43.4246991,41.0697983],[43.3616774,41.0964801],[43.3141835,41.0795029],[43.2055322,40.984555],[43.1500589,40.9684638],[43.0783397,40.9750708],[43.0144118,40.9476252],[42.9503745,40.8772707],[42.9064207,40.8832757]]]}},{"type":"Feature","properties":{"il":"erzurum","name":"Erzurum"},"geometry":{"type":"Polygon","coordinates":[[[41.8186218,39.2089206],[41.960045,39.2111532],[42.0254509,39.2526023],[42.0504123,39.2485734],[42.0647445,39.2728175],[42.1457388,39.283508],[42.1596515,39.3057665],[42.175336,39.3079183],[42.1751971,39.3249038],[42.1984488,39.3092323],[42.2106825,39.3164963],[42.2329288,39.3487937],[42.1988715,39.35807],[42.1793158,39.3943622],[42.2039733,39.4069428],[42.2124686,39.4276919],[42.2394944,39.4344087],[42.2541842,39.4543083],[42.3258692,39.4751585],[42.3406963,39.4969348],[42.3730061,39.5060703],[42.3839604,39.537907],[42.4834407,39.548771],[42.4763476,39.5747839],[42.5119798,39.6000536],[42.5004598,39.624329],[42.5202956,39.6359314],[42.4587749,39.718586],[42.3574803,39.7594713],[42.3303543,39.7527548],[42.3021524,39.7712666],[42.2801546,39.8310321],[42.3163673,39.8573054],[42.3055493,39.8754044],[42.3566441,39.8641066],[42.395506,39.8912268],[42.4315001,39.8982677],[42.4357269,39.9242992],[42.4947089,39.9040193],[42.5533858,39.925547],[42.543531,39.9617629],[42.5613404,39.9838522],[42.5350133,40.0159632],[42.5011619,40.0266362],[42.4775822,40.0522189],[42.4437246,40.0569651],[42.4285726,40.0996765],[42.4141499,40.1197128],[42.3918608,40.1161622],[42.363318,40.1752973],[42.3412712,40.1620603],[42.3207992,40.1810876],[42.2987524,40.1763501],[42.2968823,40.1972529],[42.2780835,40.2147672],[42.2253286,40.202891],[42.1893039,40.2421156],[42.1582376,40.2388045],[42.1550728,40.2487288],[42.1361377,40.2329459],[42.1006618,40.260522],[42.1204674,40.2674973],[42.1086615,40.2951089],[42.1307344,40.3153597],[42.1355586,40.3289018],[42.1203487,40.3368577],[42.1339574,40.3523501],[42.2447032,40.3474002],[42.3257686,40.3873107],[42.337378,40.3768439],[42.3753092,40.3799481],[42.3958936,40.363123],[42.4147062,40.385621],[42.4464143,40.3969106],[42.4662259,40.3826708],[42.4881863,40.3917752],[42.4773377,40.4075805],[42.4792115,40.4914653],[42.46221,40.5131612],[42.5095721,40.5430536],[42.5169571,40.5726666],[42.544812,40.6042297],[42.6023765,40.6291667],[42.5922246,40.6310563],[42.6201865,40.6801472],[42.5991595,40.6934598],[42.5807873,40.7316712],[42.593681,40.7463631],[42.5736394,40.752967],[42.5637741,40.7770556],[42.5106135,40.7925667],[42.4881018,40.7859996],[42.5001038,40.8037283],[42.4775376,40.8217202],[42.4247428,40.816575],[42.3935602,40.7881762],[42.3603205,40.7923978],[42.3590482,40.807151],[42.3414321,40.8065167],[42.3353635,40.8214913],[42.3566663,40.8260181],[42.3293815,40.826141],[42.3408664,40.8536961],[42.3571383,40.8566668],[42.3641438,40.8954006],[42.3340257,40.8988657],[42.3159224,40.8826081],[42.3313159,40.9123355],[42.3499953,40.9211229],[42.3315777,40.9385226],[42.2771729,40.9228176],[42.2303155,40.9449955],[42.2184816,40.9730141],[42.1509465,40.9794697],[42.1211174,40.9642587],[42.077389,40.9755789],[42.075515,40.9874866],[42.0214117,40.9747069],[42.0055983,40.9907862],[41.9651282,40.9804049],[41.9307785,40.9338864],[41.8986159,40.9381203],[41.88928,40.9163427],[41.8495999,40.8946649],[41.8363237,40.8595008],[41.8691949,40.8341997],[41.8735126,40.8059189],[41.8443624,40.7594339],[41.8303756,40.7480953],[41.8195844,40.7563474],[41.7975837,40.6666642],[41.7648596,40.662469],[41.7235704,40.6855512],[41.7081969,40.6690812],[41.6516638,40.6886448],[41.5766776,40.6904299],[41.5198423,40.6447628],[41.4752421,40.6317962],[41.4114171,40.5694158],[41.3171577,40.5572232],[41.3153957,40.6359497],[41.3018941,40.641939],[41.2910122,40.681883],[41.3408264,40.6899774],[41.3782151,40.7138595],[41.3069743,40.7602412],[41.2404619,40.7625038],[41.2177633,40.8042171],[41.2018585,40.8092854],[41.2319639,40.8272493],[41.2180492,40.8384253],[41.1627163,40.8093387],[41.1224066,40.8271003],[41.118135,40.790006],[41.058304,40.7691489],[40.9758142,40.7626229],[40.9241543,40.7338746],[40.874719,40.735521],[40.8694742,40.7231682],[40.8853155,40.7077537],[40.8572958,40.6966783],[40.8620576,40.6812849],[40.8268725,40.6594964],[40.868905,40.61106],[40.8353739,40.5752695],[40.794438,40.5804498],[40.7762699,40.5528244],[40.7651864,40.5665174],[40.7854369,40.5830357],[40.7751738,40.6022907],[40.7229509,40.5955057],[40.7156091,40.6045525],[40.6620017,40.585352],[40.646553,40.5638796],[40.5738865,40.5554551],[40.5948477,40.5137478],[40.5649741,40.4889888],[40.5467656,40.4375733],[40.5549977,40.4194717],[40.5400448,40.4017026],[40.5755501,40.4047185],[40.6053006,40.3759432],[40.5775688,40.3547191],[40.5038317,40.3740576],[40.4839222,40.3621155],[40.5375753,40.2995063],[40.4997393,40.2719616],[40.5433325,40.2525205],[40.5835289,40.2590015],[40.5974617,40.2362974],[40.6397596,40.2124805],[40.6936584,40.2268925],[40.6935024,40.2022677],[40.6675433,40.1878637],[40.711135,40.1526826],[40.6693258,40.1409505],[40.6491342,40.11132],[40.519282,40.084935],[40.5074882,40.0755625],[40.5073735,40.0503945],[40.4766177,40.0290474],[40.4283978,40.0257747],[40.3506979,40.0475902],[40.3007935,40.0387448],[40.2976408,40.010299],[40.2586041,39.984378],[40.2460417,39.9603341],[40.2897692,39.9254915],[40.3644374,39.9350292],[40.3926394,39.9162125],[40.4771944,39.9025883],[40.5204944,39.8843508],[40.5443985,39.8437254],[40.5697455,39.8496832],[40.5550877,39.810605],[40.5319869,39.807776],[40.5260653,39.7940227],[40.5393682,39.7652222],[40.5666018,39.7308753],[40.6799486,39.6607528],[40.6797698,39.6303063],[40.6531302,39.5964472],[40.701511,39.5577885],[40.743033,39.5591704],[40.755878,39.5269204],[40.6340048,39.527561],[40.6096191,39.4983682],[40.5897638,39.4965752],[40.59082,39.4642946],[40.5739218,39.4525524],[40.7131497,39.4076649],[40.7316972,39.4220017],[40.8019654,39.4255744],[40.909129,39.4565825],[40.9818008,39.4563036],[40.9828569,39.4703279],[41.002501,39.4740782],[41.0504495,39.4527155],[41.061222,39.4261254],[41.0939622,39.4192723],[41.0988204,39.4341198],[41.1289233,39.4324112],[41.1475113,39.4134836],[41.1665886,39.412896],[41.1829113,39.3871803],[41.1675568,39.3724904],[41.2001023,39.3615909],[41.4150111,39.3534035],[41.5393461,39.2792727],[41.6104137,39.2577755],[41.6187637,39.2140842],[41.6040842,39.1834001],[41.618225,39.1740044],[41.618225,39.1565667],[41.7086977,39.1676845],[41.7324574,39.1521025],[41.8012056,39.1731037],[41.8186218,39.2089206]]]}},{"type":"Feature","properties":{"il":"agri","name":"Ağrı"},"geometry":{"type":"Polygon","coordinates":[[[43.6440875,39.2003281],[43.7345317,39.2004619],[43.8527536,39.3198597],[43.9629634,39.3689657],[44.0377009,39.3612643],[44.0342937,39.3775058],[44.0579604,39.3861475],[44.0513157,39.4040585],[44.0704062,39.4122588],[44.1301049,39.4054092],[44.1301405,39.3896441],[44.2331218,39.4155361],[44.2952003,39.3752581],[44.3770211,39.4116375],[44.4219571,39.4116039],[44.4328572,39.4427251],[44.4084339,39.4711492],[44.440367,39.505069],[44.416204,39.55644],[44.480148,39.610424],[44.479402,39.6701248],[44.4671974,39.6841019],[44.4413386,39.6625493],[44.3199703,39.6672114],[44.2308216,39.7061741],[44.1777684,39.7128832],[44.1290757,39.7439973],[44.0728733,39.7337517],[43.8810399,39.7577566],[43.8257911,39.7803022],[43.7455302,39.7667766],[43.6172124,39.7973196],[43.5492122,39.840915],[43.5160964,39.8349346],[43.4924768,39.7884129],[43.4537165,39.7709592],[43.4180134,39.798883],[43.4046604,39.8709672],[43.3662786,39.9249807],[43.3784641,39.981726],[43.2842723,40.0023008],[43.1921824,39.9881752],[42.792925,39.9725456],[42.6306977,39.934833],[42.5566822,39.9346359],[42.4947089,39.9040193],[42.4357269,39.9242992],[42.4315001,39.8982677],[42.395506,39.8912268],[42.3566441,39.8641066],[42.3055493,39.8754044],[42.3163673,39.8573054],[42.2801546,39.8310321],[42.3021524,39.7712666],[42.3303543,39.7527548],[42.3574803,39.7594713],[42.4587749,39.718586],[42.5202956,39.6359314],[42.5004598,39.624329],[42.5114952,39.6081952],[42.5049816,39.5880843],[42.4861172,39.5883911],[42.4763476,39.5747839],[42.4834407,39.548771],[42.4195897,39.5346642],[42.4661248,39.4780818],[42.5112699,39.4858534],[42.5184622,39.4682593],[42.5005922,39.4218863],[42.5203182,39.3662008],[42.5813465,39.3623283],[42.5809392,39.3368241],[42.6249208,39.3113263],[42.5967051,39.2869227],[42.6016843,39.2765594],[42.6525833,39.2681648],[42.6638696,39.2395471],[42.6814629,39.2306338],[42.6782421,39.1788364],[42.694003,39.1659154],[42.6804188,39.1541382],[42.7126062,39.1506438],[42.6929719,39.1250125],[42.6907188,39.0839665],[42.7099239,39.0776368],[42.6843886,39.0114741],[42.7000531,39.0072222],[42.7102457,38.9857923],[42.710353,38.96202],[42.6946398,38.9576246],[42.7146572,38.935095],[42.909638,38.9307798],[42.9253688,38.9469963],[42.9241002,38.9795444],[42.9551522,39.0217444],[43.0007683,39.0188218],[43.0087965,39.0826612],[43.0808181,39.1456949],[43.1482304,39.180317],[43.1630682,39.2363765],[43.2162343,39.3311636],[43.3110194,39.3658379],[43.4335322,39.3555325],[43.5127363,39.3198977],[43.5772951,39.249237],[43.6440875,39.2003281]]]}},{"type":"Feature","properties":{"il":"igdir","name":"Iğdır"},"geometry":{"type":"Polygon","coordinates":[[[43.4273324,39.7847725],[43.4537165,39.7709592],[43.4761248,39.7753812],[43.5076175,39.8281909],[43.5492122,39.840915],[43.6172124,39.7973196],[43.7455302,39.7667766],[43.8257911,39.7803022],[43.8810399,39.7577566],[44.0728733,39.7337517],[44.1290757,39.7439973],[44.1777684,39.7128832],[44.2545623,39.6985325],[44.3047084,39.6711273],[44.426319,39.6608709],[44.4592652,39.6709408],[44.614695,39.7824624],[44.6304987,39.7442788],[44.6617489,39.71814],[44.7150829,39.7142776],[44.7548046,39.6707841],[44.79853,39.648869],[44.8093804,39.627336],[44.8176638,39.6516661],[44.7990979,39.6578956],[44.8012677,39.6844139],[44.7635589,39.7030201],[44.7697787,39.7130157],[44.7475578,39.7164325],[44.7443519,39.7436689],[44.7227183,39.7420096],[44.7107641,39.7699858],[44.6873476,39.7720251],[44.6944365,39.7930832],[44.6563957,39.7923225],[44.6118525,39.8145852],[44.6171957,39.8281936],[44.5945362,39.8244407],[44.5919514,39.859107],[44.5520164,39.8827353],[44.5542126,39.9006833],[44.5364466,39.9208608],[44.5200342,39.9209013],[44.4813505,39.9662875],[44.4536638,39.971435],[44.4185919,40.00039],[44.3802394,40.0034964],[44.3518267,40.0272172],[44.2743686,40.049423],[44.1730506,40.0272854],[44.0858298,40.034378],[43.9868252,40.0310684],[43.9594973,40.0162844],[43.8966693,40.0214115],[43.7671118,40.0836433],[43.7277497,40.0780902],[43.6782543,40.0960637],[43.6465751,40.1315779],[43.5975212,40.115081],[43.5268092,40.1180273],[43.4786582,40.1056865],[43.3755235,40.1306268],[43.3464148,40.1176741],[43.3425199,40.0930287],[43.3661802,40.0660031],[43.357981,40.0438592],[43.321296,40.0430236],[43.2842723,40.0023008],[43.3784641,39.981726],[43.3662786,39.9249807],[43.4046604,39.8709672],[43.4031464,39.8409801],[43.4273324,39.7847725]]]}},{"type":"Feature","properties":{"il":"hatay","name":"Hatay"},"geometry":{"type":"Polygon","coordinates":[[[36.6129461,36.7455336],[36.6459492,36.7864365],[36.6718378,36.7998091],[36.6714095,36.8213908],[36.6425195,36.8459089],[36.4942286,36.8930202],[36.4428239,36.9330997],[36.3690029,36.9316716],[36.2353925,36.9647451],[36.2060466,36.9780535],[36.2159432,37.0044304],[36.1580554,36.9930651],[36.0497375,37.0072065],[35.9474325,36.9336066],[35.9435262,36.8895176],[36.0134092,36.9296677],[36.0963354,36.8939391],[36.1488589,36.8546497],[36.2041253,36.7864315],[36.1870499,36.7802659],[36.206333,36.773778],[36.1871804,36.726621],[36.1967682,36.7324128],[36.202285,36.7225118],[36.1837748,36.7239356],[36.1954428,36.7192272],[36.2068273,36.682548],[36.199101,36.6772155],[36.2153232,36.6597098],[36.1893693,36.5932168],[36.1802152,36.5932667],[36.1833615,36.5949265],[36.1859135,36.6034842],[36.1790493,36.5919189],[36.1490254,36.5909796],[36.0369071,36.5337413],[35.982797,36.474489],[35.901803,36.438732],[35.8952588,36.4156752],[35.8608005,36.3958049],[35.854634,36.370266],[35.8155719,36.3605192],[35.813578,36.345813],[35.780755,36.320127],[35.783389,36.291555],[35.899063,36.154988],[35.980502,36.013778],[35.9223084,35.9551086],[35.9228491,35.9219057],[36.0065396,35.94081],[36.0178887,35.9210181],[35.9995216,35.8800336],[36.1128557,35.8620061],[36.1356757,35.8413098],[36.1395037,35.8155798],[36.156319,35.8081028],[36.1733711,35.8355287],[36.1758733,35.9215549],[36.1939458,35.9441408],[36.2420213,35.9614927],[36.2768201,35.94949],[36.2944899,35.9564188],[36.2903164,36.0105524],[36.3392161,35.9884675],[36.3762168,36.0115926],[36.3714774,36.0246753],[36.3900438,36.0401756],[36.3786654,36.0721776],[36.3903299,36.0820629],[36.370471,36.1166714],[36.3800533,36.1157402],[36.3715327,36.122244],[36.3891101,36.1460314],[36.3654448,36.1670259],[36.3678161,36.1795572],[36.4004251,36.1925725],[36.3818245,36.2167569],[36.3949725,36.2253355],[36.4651011,36.1969439],[36.4865118,36.2184304],[36.4834186,36.2329655],[36.5033686,36.2261449],[36.5024222,36.2422648],[36.5339615,36.2452718],[36.5537624,36.2240635],[36.5621322,36.2373199],[36.6246873,36.2143254],[36.6229164,36.2382157],[36.6651022,36.2288941],[36.6949134,36.2452455],[36.6791396,36.2712817],[36.6951271,36.2950137],[36.6563229,36.2981058],[36.6651101,36.3260385],[36.6572517,36.3375988],[36.6297451,36.3448085],[36.6052129,36.3273195],[36.5991928,36.3495675],[36.6186568,36.3574911],[36.5968372,36.3724817],[36.6059505,36.392255],[36.5862724,36.3916601],[36.5663325,36.4189763],[36.5551966,36.4449838],[36.5619724,36.4637385],[36.5436812,36.484279],[36.5914358,36.5855386],[36.5736284,36.6591335],[36.6081158,36.6770051],[36.6287457,36.7053921],[36.6129461,36.7455336]]]}},{"type":"Feature","properties":{"il":"mersin","name":"Mersin"},"geometry":{"type":"Polygon","coordinates":[[[33.7522126,37.0244373],[33.6655424,37.0463863],[33.6333236,37.0416563],[33.5719375,37.0138784],[33.5380292,36.952773],[33.5144202,36.9399881],[33.3818415,36.9334053],[33.3635699,36.9183507],[33.3242254,36.9266417],[33.2886741,36.9102321],[33.1722615,36.9183787],[33.1483599,36.8930897],[33.1528338,36.8664649],[33.1227403,36.8405242],[33.0962667,36.8812224],[32.9619784,36.8551017],[32.9477991,36.8305085],[32.9956109,36.822136],[32.9842503,36.8060787],[33.0123479,36.7646694],[32.9973226,36.7459733],[33.0043846,36.7097339],[33.0379861,36.7012878],[33.0372086,36.6766583],[33.0628326,36.6289024],[33.0771223,36.6142115],[33.1353818,36.6087567],[33.2202018,36.528258],[33.1862946,36.5303774],[33.1257454,36.5827231],[33.0724998,36.5726063],[33.0539515,36.5193201],[33.0171827,36.4919748],[33.0124966,36.4610974],[32.9401188,36.4519209],[32.8606225,36.4897734],[32.7796368,36.4870623],[32.6902697,36.5173159],[32.5503142,36.5275399],[32.5731071,36.5041056],[32.6031038,36.5026127],[32.6138835,36.4788814],[32.5698683,36.4480435],[32.566965,36.4114889],[32.581514,36.3632047],[32.6166281,36.3470831],[32.6267908,36.2905701],[32.6139862,36.2585266],[32.5844908,36.2474572],[32.5676327,36.2217746],[32.5792516,36.1316262],[32.5626638,36.1003401],[32.3951003,35.924],[32.6029797,35.851],[32.8065973,35.817],[32.905922,35.835],[32.9880645,35.884],[33.0760814,35.87],[33.1548422,35.879],[33.2566728,35.928],[33.3817756,35.914],[33.7763064,35.948],[33.937877,36.033],[34.0335977,36.041],[34.1128366,36.073],[34.2654051,36.192],[34.3054345,36.248],[34.3254526,36.312],[34.4491707,36.433],[34.7121838,36.593],[34.7392967,36.574],[34.9271477,36.7451071],[34.9579206,36.7412663],[34.9577141,36.7539183],[34.9815733,36.7607536],[35.0084886,36.7511808],[35.005267,36.7679218],[35.025566,36.7569199],[35.0266818,36.778372],[35.0421742,36.7642432],[35.0738457,36.7985808],[35.0956467,36.7832184],[35.1470746,36.799052],[35.1244182,36.8223629],[35.1516494,36.8579385],[35.1369323,36.8621409],[35.1408064,36.9087168],[35.122247,36.9190217],[35.1152013,36.944709],[35.0968138,36.9513012],[35.0883933,36.9760166],[35.1225013,37.0406508],[35.0810383,37.0508336],[35.0814782,37.0646132],[35.0118598,37.0647887],[34.9308191,37.1985686],[34.9623193,37.2188807],[34.9745713,37.2676679],[34.9349448,37.2918434],[34.8174441,37.3090027],[34.7787786,37.3308687],[34.7875428,37.3758109],[34.7747918,37.4208587],[34.7174675,37.4356009],[34.6687476,37.408371],[34.5944427,37.3891104],[34.5429135,37.3514447],[34.436517,37.3314242],[34.4310654,37.3070989],[34.3837546,37.3315742],[34.3450099,37.326523],[34.2591903,37.2467141],[34.2575456,37.1786063],[34.1719185,37.1210758],[34.1325381,37.1074786],[34.0630415,37.1316523],[34.0027696,37.1288753],[33.9477766,37.1099934],[33.8666535,37.0561063],[33.7974925,37.0472103],[33.7522126,37.0244373]]]}},{"type":"Feature","properties":{"il":"antalya","name":"Antalya"},"geometry":{"type":"MultiPolygon","coordinates":[[[[30.4070616,36.1696674],[30.407702,36.1689436],[30.4071024,36.1702878],[30.4070616,36.1696674]]],[[[30.4063122,36.1953213],[30.4064193,36.1960123],[30.4055959,36.1955871],[30.4063122,36.1953213]]],[[[30.4060488,36.1819709],[30.4031587,36.1922779],[30.4077861,36.1755441],[30.4060488,36.1819709]]],[[[30.4065757,36.1965306],[30.4064852,36.1960721],[30.4072756,36.1961186],[30.4065757,36.1965306]]],[[[30.4050854,36.2027696],[30.4048631,36.2022913],[30.405316,36.2022115],[30.4050854,36.2027696]]],[[[30.400425,36.200142],[30.4035535,36.197644],[30.4044693,36.2024086],[30.400425,36.200142]]],[[[30.4278748,36.1721845],[30.4289984,36.1721797],[30.4278398,36.1727589],[30.4278748,36.1721845]]],[[[30.5573149,36.5362687],[30.592178,36.591002],[30.560577,36.6111219],[30.554641,36.6468676],[30.5750756,36.6993246],[30.5618516,36.7270026],[30.5748797,36.7950698],[30.6170406,36.8339574],[30.6052177,36.8301397],[30.6085622,36.8345911],[30.6044198,36.8375649],[30.6057902,36.839352],[30.668049,36.87904],[30.6990094,36.8853276],[30.7579557,36.8453808],[31.008039,36.8573404],[31.3405715,36.8065163],[31.388477,36.77861],[31.3862325,36.7635996],[31.551431,36.714811],[31.672162,36.644092],[31.7355131,36.6416774],[31.7773925,36.603562],[31.9610956,36.5586793],[31.9887157,36.5410644],[31.9856813,36.5272755],[32.0054655,36.5428175],[32.0262349,36.5384977],[32.16524,36.41766],[32.2138281,36.338909],[32.2750915,36.2888119],[32.2755804,36.2629789],[32.2953286,36.2351445],[32.351514,36.208386],[32.389591,36.163622],[32.412729,36.16271],[32.520868,36.096128],[32.550324,36.09393],[32.577285,36.1236956],[32.5676327,36.2217746],[32.5844908,36.2474572],[32.6139862,36.2585266],[32.6267908,36.2905701],[32.6166281,36.3470831],[32.581514,36.3632047],[32.566965,36.4114889],[32.5698683,36.4480435],[32.6138835,36.4788814],[32.6031038,36.5026127],[32.5578369,36.5117055],[32.5274998,36.5433319],[32.4708324,36.6413883],[32.4563066,36.6734463],[32.4750503,36.7225657],[32.4697526,36.7531936],[32.3492036,36.8155017],[32.271022,36.9162625],[32.1813667,36.9872701],[32.0626268,37.0416006],[31.9652333,37.1158957],[31.9233408,37.2018083],[31.938593,37.2221899],[31.8419516,37.2904378],[31.842045,37.3016516],[31.7718675,37.3368055],[31.7689792,37.3699984],[31.7273231,37.3726498],[31.7016299,37.3437172],[31.6794189,37.3372831],[31.6833821,37.3185714],[31.6474455,37.3060271],[31.6498413,37.2850624],[31.5531539,37.2792591],[31.3736048,37.3680458],[31.3154902,37.4157522],[31.2588845,37.4269413],[31.1786076,37.3861003],[31.0961035,37.3783183],[30.9922216,37.3424984],[30.9137764,37.372441],[30.8939269,37.2985957],[30.8459484,37.2386949],[30.7717091,37.2309026],[30.6739527,37.2510908],[30.5359892,37.2340736],[30.4785343,37.2456746],[30.4269549,37.235923],[30.4160271,37.2402232],[30.4144282,37.2822844],[30.3548079,37.3058706],[30.2830505,37.2999873],[30.1722487,37.3195097],[30.1149064,37.2999162],[30.0673355,37.2453316],[29.8866146,37.2083506],[29.8488722,37.185956],[29.8338178,37.1328513],[29.8118135,37.1069409],[29.8285526,37.0776181],[29.8809946,37.0389524],[29.7735565,36.9703611],[29.7308239,36.9588651],[29.7604599,36.9392682],[29.7671208,36.8414701],[29.7396869,36.7426244],[29.6952766,36.7041804],[29.6674329,36.6191853],[29.4892721,36.4752125],[29.4537804,36.4616113],[29.3933371,36.4736079],[29.3628583,36.4627904],[29.3389546,36.4368661],[29.321925,36.4385509],[29.3238538,36.4042927],[29.3355043,36.395568],[29.3129324,36.3878614],[29.3149085,36.3204591],[29.2757194,36.3063756],[29.2830301,36.2941576],[29.2620365,36.2932422],[29.3138173,36.2468929],[29.353323,36.2300553],[29.3690824,36.2382425],[29.3695759,36.2632486],[29.4140982,36.2631147],[29.4047481,36.243703],[29.4127338,36.2243889],[29.4303308,36.2325614],[29.477631,36.2118626],[29.6314845,36.2050982],[29.5840175,36.186977],[29.6439896,36.1975042],[29.6512121,36.1738348],[29.6413371,36.1832359],[29.6312578,36.1693032],[29.655216,36.147663],[29.678131,36.1535688],[29.6839977,36.1309698],[29.7210604,36.1634356],[29.7876317,36.1591938],[29.7566664,36.142258],[29.7930952,36.1433746],[29.8293554,36.1677505],[29.80079,36.165805],[29.8500198,36.1921397],[29.8316413,36.1858793],[29.8278185,36.1886341],[29.8486371,36.1972189],[29.8869239,36.1939265],[29.8977669,36.2024378],[29.8881807,36.2123222],[29.9222434,36.2340844],[29.9797756,36.2149162],[30.0699586,36.2602432],[30.1143718,36.2469362],[30.138633,36.2785656],[30.1418265,36.2663263],[30.1526198,36.2746047],[30.1496277,36.3015672],[30.184799,36.314054],[30.2741675,36.3182003],[30.3693733,36.2693019],[30.4074996,36.2751947],[30.4045646,36.209746],[30.4875031,36.279331],[30.4881951,36.2992189],[30.4712835,36.2968699],[30.4667806,36.3141739],[30.5291243,36.3346755],[30.4766686,36.3953366],[30.491674,36.4218032],[30.4804769,36.4337901],[30.509278,36.4401776],[30.5173366,36.4565743],[30.5065279,36.467644],[30.5211804,36.4741491],[30.5411951,36.5217523],[30.565645,36.533182],[30.5573149,36.5362687]]]]}},{"type":"Feature","properties":{"il":"konya","name":"Konya"},"geometry":{"type":"Polygon","coordinates":[[[31.938593,37.2221899],[31.9233408,37.2018083],[31.9652333,37.1158957],[32.0626268,37.0416006],[32.1813667,36.9872701],[32.236334,36.9456971],[32.3492036,36.8155017],[32.4697526,36.7531936],[32.5083893,36.7514187],[32.5521753,36.7892866],[32.5109079,36.8308577],[32.5126516,36.8677563],[32.5283448,36.874576],[32.5717433,36.8469837],[32.6042922,36.859696],[32.6475212,36.8423686],[32.6936866,36.8466082],[32.7528815,36.8161752],[32.7829901,36.8344946],[32.804093,36.8917652],[32.8113267,36.9783119],[32.7502615,37.0507556],[32.7759181,37.045642],[32.8004678,37.074497],[32.8067843,37.1357824],[32.779714,37.1590133],[32.7742184,37.1809091],[32.8132504,37.2549599],[32.8095834,37.3121548],[32.969902,37.4143414],[33.0146374,37.4640863],[33.1229647,37.5021559],[33.1643738,37.5352094],[33.2108326,37.536518],[33.3323674,37.46191],[33.5349497,37.5006687],[33.7586193,37.5617333],[33.7521854,37.4873161],[33.9104739,37.4649457],[33.8859333,37.4561948],[33.9055449,37.4474268],[33.9342788,37.4005016],[33.9469467,37.402981],[33.9490525,37.4295614],[33.9906698,37.4189866],[34.0176815,37.4275077],[33.9992146,37.3870139],[34.0296987,37.353427],[34.1239222,37.3523256],[34.1724195,37.3335982],[34.2591903,37.2467141],[34.3450099,37.326523],[34.3837546,37.3315742],[34.4310654,37.3070989],[34.436517,37.3314242],[34.4136879,37.3644725],[34.3951725,37.4360167],[34.3083009,37.4958304],[34.297168,37.5976546],[34.36735,37.6594673],[34.3788259,37.6853562],[34.3507938,37.7649379],[34.2877574,37.8464649],[34.2568251,37.8656207],[34.1988281,37.8739221],[34.1232057,37.9551683],[34.082866,37.9708928],[33.9943099,37.9628811],[33.9773282,37.9860784],[33.9839531,38.0057919],[34.0520972,38.02183],[34.0701932,38.0394581],[34.0525591,38.0550298],[34.0606973,38.061363],[33.997523,38.081548],[33.9698582,38.1216718],[33.8493185,38.1151243],[33.8157607,38.0794196],[33.7789813,38.0707549],[33.7024695,38.1035064],[33.6014099,38.0874872],[33.5467613,38.0552062],[33.580033,38.0044685],[33.5728676,37.9933025],[33.5007035,37.9811765],[33.4226531,37.9827739],[33.397363,38.0292347],[33.3364264,38.0491185],[33.2962247,38.0092613],[33.2892446,38.0329483],[33.3160909,38.0788199],[33.2880815,38.125909],[33.2914648,38.1721418],[33.2716143,38.20809],[33.2688304,38.2437468],[33.2466338,38.2556091],[33.202069,38.2437468],[33.1826855,38.2554514],[33.1718873,38.2840498],[33.2088652,38.319865],[33.2400599,38.4249362],[33.3093352,38.5077525],[33.3172782,38.5329072],[33.344329,38.8650091],[33.3877978,38.9406814],[33.3925515,39.0119262],[33.3722174,39.0596591],[33.3409801,39.0941328],[33.2995738,39.1052392],[33.3247946,39.0891683],[33.3084868,39.0745106],[33.2336424,39.0825061],[33.2121847,39.1170094],[33.171501,39.1276634],[33.1227492,39.1750541],[33.1614589,39.2097117],[33.1585406,39.2345136],[33.1960486,39.239832],[33.1914137,39.2543223],[33.2014785,39.2606343],[33.1849765,39.2967125],[33.1637763,39.304882],[33.1570815,39.2815666],[33.1369113,39.2825631],[33.1163978,39.248008],[33.0784606,39.2319208],[33.0636977,39.2083816],[33.023014,39.1959438],[32.9994105,39.2123053],[33.0091094,39.2166944],[33.0018138,39.2325856],[33.0343436,39.2713346],[32.9748629,39.2915979],[32.9482555,39.2815666],[32.9175281,39.2428233],[32.9305743,39.2394331],[32.9059409,39.2268678],[32.8892898,39.272132],[32.8688621,39.2543222],[32.8387864,39.260383],[32.7902412,39.2452828],[32.7991675,39.2429562],[32.7830314,39.2258705],[32.7962493,39.2277322],[32.7978801,39.2170268],[32.7807998,39.2070514],[32.799425,39.2102437],[32.8110122,39.1938152],[32.8422546,39.1860985],[32.8103255,39.169864],[32.815647,39.160614],[32.7907561,39.1548903],[32.8038024,39.1455052],[32.7920436,39.1240678],[32.6201247,39.0980946],[32.6253604,39.074977],[32.599646,39.022028],[32.5662231,39.0225846],[32.5421905,39.0426529],[32.5104331,39.0367864],[32.5097465,39.0060456],[32.4381637,38.9541361],[32.3973941,38.9728226],[32.3687266,39.0047117],[32.3669242,39.0267187],[32.3295879,39.0216511],[32.3200054,39.0314949],[32.3104476,39.0121148],[32.228136,38.9853664],[32.2162913,39.0108477],[32.1697711,39.012715],[32.1734618,39.0303193],[32.144966,39.0284523],[32.1478843,39.0133152],[32.130289,39.0102474],[32.1184444,39.0230514],[32.1352672,38.9907703],[32.1318339,38.9550705],[32.1092603,38.9472361],[32.0943257,38.9601016],[32.0139238,38.9739822],[31.9924125,38.9955861],[31.9478771,39.0030361],[31.9278571,39.0304612],[31.9384626,39.07439],[31.9226858,39.0715622],[31.9241664,39.0890102],[31.8884822,39.1192487],[31.8954667,39.1267065],[31.8490431,39.1467286],[31.7682552,39.1133799],[31.727711,39.0550927],[31.685214,39.0604246],[31.678133,39.0514185],[31.6624582,39.0633986],[31.5924847,39.0433112],[31.5960145,39.0165162],[31.6763949,39.0199339],[31.7319863,38.9847993],[31.706028,38.9582909],[31.6737556,38.9838068],[31.6627479,38.9696278],[31.6077304,38.9736566],[31.6210449,38.9201875],[31.5643644,38.8586832],[31.6034067,38.8606883],[31.6162062,38.8500358],[31.6169153,38.8108756],[31.5405787,38.721063],[31.5407828,38.6876203],[31.5692906,38.6706843],[31.5778072,38.6421726],[31.4808599,38.5682699],[31.3221653,38.4876775],[31.3019489,38.4394797],[31.2759027,38.4281899],[31.2721151,38.3856627],[31.2585563,38.3768823],[31.3196977,38.3078673],[31.327231,38.2405102],[31.3487202,38.2155168],[31.3958788,38.1902145],[31.4711035,38.1966634],[31.5202656,38.1832985],[31.5352468,38.1334531],[31.522449,38.1038064],[31.5397153,38.0432578],[31.5087808,38.0034792],[31.5024259,37.9663196],[31.4390297,37.9145112],[31.4366645,37.8830413],[31.4580535,37.8205413],[31.4511106,37.7786023],[31.4227715,37.7452694],[31.4317311,37.7055802],[31.3791061,37.7020227],[31.2729488,37.6333739],[31.3344876,37.5841537],[31.3441008,37.5031332],[31.3154902,37.4157522],[31.3736048,37.3680458],[31.5531539,37.2792591],[31.6498413,37.2850624],[31.6474455,37.3060271],[31.6833821,37.3185714],[31.6794189,37.3372831],[31.7016299,37.3437172],[31.7273231,37.3726498],[31.7689792,37.3699984],[31.7718675,37.3368055],[31.842045,37.3016516],[31.8419516,37.2904378],[31.938593,37.2221899]]]}},{"type":"Feature","properties":{"il":"isparta","name":"Isparta"},"geometry":{"type":"Polygon","coordinates":[[[30.7799597,37.5524086],[30.822324,37.4863588],[30.8391036,37.4318003],[30.8627776,37.4333263],[30.8743689,37.4142085],[30.9089329,37.3997623],[30.9137764,37.372441],[30.9399986,37.3708263],[30.9819375,37.3438794],[31.0961035,37.3783183],[31.1786076,37.3861003],[31.2488825,37.4261014],[31.3154902,37.4157522],[31.3441008,37.5031332],[31.3447867,37.5444542],[31.3344876,37.5841537],[31.2729488,37.6333739],[31.3791061,37.7020227],[31.4317311,37.7055802],[31.4227715,37.7452694],[31.4511106,37.7786023],[31.4580535,37.8205413],[31.4366645,37.8830413],[31.4390297,37.9145112],[31.5024259,37.9663196],[31.5087808,38.0034792],[31.5394458,38.0309729],[31.522449,38.1038064],[31.5313641,38.1597096],[31.5041044,38.191898],[31.3958788,38.1902145],[31.3487202,38.2155168],[31.327231,38.2405102],[31.3196977,38.3078673],[31.2585563,38.3768823],[31.1856611,38.3858128],[31.1829479,38.4038879],[31.2058165,38.4243878],[31.2021343,38.4353188],[31.1381797,38.4618801],[31.1271331,38.4814533],[31.1323657,38.5016278],[30.9895339,38.5031445],[30.9581981,38.427272],[30.9127885,38.4075328],[30.857555,38.4047991],[30.8112097,38.3784546],[30.7825825,38.3012776],[30.7505765,38.2958256],[30.7248009,38.2693555],[30.6844889,38.2604936],[30.6437145,38.2282937],[30.52441,38.1962843],[30.4742154,38.1978073],[30.4073539,38.1267987],[30.382586,38.0600546],[30.3204387,38.0393013],[30.2505818,37.9917247],[30.1917199,37.9793343],[30.1566419,37.9221796],[30.1553437,37.8595684],[30.0925532,37.7992402],[30.1927169,37.7841595],[30.2579471,37.7888009],[30.3240614,37.8102183],[30.3266356,37.8363241],[30.3808122,37.8453698],[30.4407744,37.7944041],[30.4412756,37.7326678],[30.4978659,37.6938737],[30.5719818,37.7068501],[30.6492943,37.6715856],[30.7346051,37.6737178],[30.7799597,37.5524086]]]}},{"type":"Feature","properties":{"il":"mugla","name":"Muğla"},"geometry":{"type":"Polygon","coordinates":[[[27.382677,37.354363],[27.3183853,37.2860631],[27.2686723,37.2640862],[27.1593635,37.2426218],[27.1451412,37.0784104],[27.1872563,36.9812416],[27.2457622,36.9426824],[27.3937141,36.9050932],[27.3847909,36.8566529],[27.3510102,36.8075751],[27.2471184,36.7259914],[27.2502336,36.7029905],[27.2981082,36.6335723],[27.3514786,36.5861006],[27.462142,36.5427845],[27.6416706,36.5743216],[27.7748309,36.6934899],[27.8139511,36.7086333],[27.8954973,36.6972766],[27.9309167,36.5373328],[27.9606766,36.4703731],[28.0020974,36.4695897],[28.2094049,36.5613728],[28.2827078,36.5499339],[28.4433499,36.561],[28.5123646,36.521],[28.5895742,36.501],[28.6323256,36.44],[28.6997121,36.394],[28.7749707,36.371],[28.8528865,36.368],[28.8726063,36.31],[28.9137553,36.257],[29.0121085,36.184],[29.0876878,36.149],[29.2625084,36.2936616],[29.2836582,36.2945778],[29.2762803,36.3068343],[29.3147127,36.3200079],[29.3129324,36.3878614],[29.3355043,36.395568],[29.3238538,36.4042927],[29.321925,36.4385509],[29.3389546,36.4368661],[29.3628583,36.4627904],[29.3933371,36.4736079],[29.4537804,36.4616113],[29.4892721,36.4752125],[29.6552773,36.6061734],[29.6848702,36.6527115],[29.6952766,36.7041804],[29.7396869,36.7426244],[29.7671208,36.8414701],[29.7604599,36.9392682],[29.7308239,36.9588651],[29.6490829,36.980469],[29.570795,36.9531734],[29.5360004,36.9164747],[29.5176765,36.8557102],[29.4530269,36.83258],[29.4228457,36.7982264],[29.3817767,36.8124194],[29.3703921,36.8423735],[29.3297025,36.8680149],[29.3451584,36.9261416],[29.3200837,36.9155311],[29.2231011,36.9149165],[29.1938911,36.8823365],[29.1418766,36.8941202],[29.0978053,36.9432847],[29.1016487,36.9767598],[29.1177911,36.9701069],[29.1436702,36.9827981],[29.1232281,37.0234121],[29.0874236,37.0362764],[29.0898526,37.0487573],[29.0126549,37.0702745],[28.9420819,37.1426036],[28.8341466,37.1400708],[28.8282165,37.167543],[28.7848526,37.1963338],[28.7822649,37.2407055],[28.7348135,37.2735321],[28.7407347,37.323821],[28.7009962,37.3656808],[28.6400564,37.3719564],[28.6156505,37.4286681],[28.6286351,37.4771915],[28.6137621,37.4861167],[28.5860915,37.4719974],[28.5077554,37.4684591],[28.4634923,37.4967608],[28.4669951,37.5091394],[28.3731388,37.5143774],[28.3461618,37.530389],[28.2808116,37.5120998],[28.2882903,37.5749985],[28.2635957,37.6003228],[28.2505293,37.5916079],[28.2509911,37.5365446],[28.2229761,37.5299715],[28.2310768,37.4938031],[28.1928669,37.4815339],[28.1910618,37.4664286],[28.1553268,37.4877712],[28.1575199,37.4687238],[28.1019717,37.4491513],[28.0404711,37.4782899],[27.963207,37.459263],[27.938982,37.4770753],[27.9388432,37.4968587],[27.9033043,37.5010686],[27.8887834,37.4798446],[27.8419091,37.4760034],[27.82051,37.4466826],[27.7654645,37.4793826],[27.77337,37.5106336],[27.7272709,37.5212764],[27.6678044,37.4905937],[27.6292397,37.5051915],[27.6200603,37.521782],[27.6257824,37.5566647],[27.5815792,37.5237257],[27.5149882,37.5412892],[27.4909395,37.5036785],[27.4625855,37.5008689],[27.4439735,37.4702764],[27.4894119,37.4269442],[27.4904418,37.4022659],[27.4732757,37.384127],[27.382677,37.354363]]]}},{"type":"Feature","properties":{"il":"karaman","name":"Karaman"},"geometry":{"type":"Polygon","coordinates":[[[34.2575456,37.1786063],[34.2591903,37.2467141],[34.1724195,37.3335982],[34.1239222,37.3523256],[34.0296987,37.353427],[33.9992146,37.3870139],[34.0176815,37.4275077],[33.9906698,37.4189866],[33.9490525,37.4295614],[33.9469467,37.402981],[33.9342788,37.4005016],[33.9055449,37.4474268],[33.8859333,37.4561948],[33.911712,37.4607604],[33.9104739,37.4649457],[33.7521854,37.4873161],[33.7586193,37.5617333],[33.5349497,37.5006687],[33.3323674,37.46191],[33.2108326,37.536518],[33.1643738,37.5352094],[33.1229647,37.5021559],[33.0146374,37.4640863],[32.969902,37.4143414],[32.8095834,37.3121548],[32.8132504,37.2549599],[32.7742184,37.1809091],[32.779714,37.1590133],[32.8067843,37.1357824],[32.8004678,37.074497],[32.7759181,37.045642],[32.7502615,37.0507556],[32.8113267,36.9783119],[32.804093,36.8917652],[32.7829901,36.8344946],[32.7528815,36.8161752],[32.6936866,36.8466082],[32.6475212,36.8423686],[32.6042922,36.859696],[32.5717433,36.8469837],[32.5283448,36.874576],[32.5126516,36.8677563],[32.5165265,36.8195365],[32.5521753,36.7892866],[32.5083893,36.7514187],[32.4697526,36.7531936],[32.4750503,36.7225657],[32.4563066,36.6734463],[32.5274998,36.5433319],[32.5503142,36.5275399],[32.6902697,36.5173159],[32.7796368,36.4870623],[32.8606225,36.4897734],[32.9401188,36.4519209],[32.9974976,36.4560544],[33.0153487,36.4662631],[33.0171827,36.4919748],[33.0539515,36.5193201],[33.0724998,36.5726063],[33.1257454,36.5827231],[33.1862946,36.5303774],[33.2202018,36.528258],[33.1353818,36.6087567],[33.0771223,36.6142115],[33.0628326,36.6289024],[33.0372086,36.6766583],[33.0379861,36.7012878],[33.0043846,36.7097339],[32.9973226,36.7459733],[33.0123479,36.7646694],[32.9842503,36.8060787],[32.9956109,36.822136],[32.9477991,36.8305085],[32.9619784,36.8551017],[33.0962667,36.8812224],[33.1227403,36.8405242],[33.1528338,36.8664649],[33.1483599,36.8930897],[33.1722615,36.9183787],[33.2886741,36.9102321],[33.3242254,36.9266417],[33.3635699,36.9183507],[33.3818415,36.9334053],[33.5144202,36.9399881],[33.5380292,36.952773],[33.5719375,37.0138784],[33.6411056,37.0444334],[33.7522126,37.0244373],[33.7974925,37.0472103],[33.8666535,37.0561063],[33.9477766,37.1099934],[34.0027696,37.1288753],[34.0630415,37.1316523],[34.1325381,37.1074786],[34.2575456,37.1786063]]]}},{"type":"Feature","properties":{"il":"kahramanmaras","name":"Kahramanmaraş"},"geometry":{"type":"Polygon","coordinates":[[[36.2134201,37.7147571],[36.2659868,37.6685076],[36.2607977,37.6016746],[36.2469379,37.5798596],[36.2543488,37.5678933],[36.2365592,37.5202859],[36.2514984,37.4974758],[36.2456918,37.4768638],[36.2605601,37.4318935],[36.2526229,37.4160966],[36.2666554,37.4076548],[36.2570544,37.3968021],[36.2734459,37.3587707],[36.3525218,37.3645373],[36.3759209,37.3477325],[36.4039017,37.3520992],[36.4141686,37.3658663],[36.4686042,37.376091],[36.4750802,37.3950312],[36.4653279,37.4140848],[36.5186484,37.440155],[36.5860554,37.4118396],[36.5247054,37.355107],[36.628243,37.3452151],[36.6913618,37.3583128],[36.6305018,37.2979077],[36.65937,37.2724258],[36.6880281,37.2782119],[36.6711336,37.24207],[36.6892423,37.2406733],[36.6931381,37.2161761],[36.746391,37.2369043],[36.771499,37.2283798],[36.8379658,37.2433719],[36.8957914,37.323783],[36.9675011,37.2928577],[36.9689433,37.2664443],[37.0095129,37.233372],[36.996092,37.2046179],[37.0055753,37.1809892],[37.0698298,37.1949467],[37.1655342,37.2539868],[37.2306,37.3240227],[37.26629,37.3347664],[37.2972724,37.3228879],[37.3762246,37.330679],[37.4451388,37.3707609],[37.4515161,37.3926975],[37.5067131,37.4018049],[37.5712486,37.477468],[37.6037704,37.4834572],[37.5813531,37.5210817],[37.586324,37.5831633],[37.5632484,37.6055033],[37.5422088,37.6069298],[37.5077122,37.5859673],[37.4957101,37.560923],[37.4506751,37.5740043],[37.448406,37.6230036],[37.435966,37.6409023],[37.4693787,37.6822334],[37.4533164,37.7482244],[37.4836389,37.7499437],[37.5208841,37.7867765],[37.5211905,37.7974331],[37.5082161,37.7948498],[37.5122004,37.8648082],[37.4876378,37.8875711],[37.5356942,37.9196214],[37.5699385,37.8998899],[37.6078504,37.9213665],[37.598043,37.9330995],[37.6120289,37.938501],[37.5737406,37.9908695],[37.5878048,38.027752],[37.5805048,38.0377703],[37.6211064,38.0437216],[37.6354184,38.0591635],[37.6226115,38.0670857],[37.6373056,38.080084],[37.6648406,38.0790741],[37.7162842,38.1170072],[37.7159768,38.1460289],[37.7389358,38.1525262],[37.7518928,38.1758584],[37.7319913,38.2098039],[37.6804636,38.2347062],[37.6440613,38.3091322],[37.5630351,38.3507928],[37.5359563,38.352439],[37.4692041,38.3960489],[37.3014839,38.4478016],[37.290191,38.4680508],[37.2690131,38.4742546],[37.2634372,38.5071147],[37.3118687,38.5390385],[37.3001507,38.5655675],[37.0528071,38.5854461],[36.9519274,38.5664301],[36.8806079,38.5684144],[36.7154917,38.5219186],[36.6682619,38.4971592],[36.7066339,38.4622158],[36.7244958,38.4608975],[36.7404033,38.4203972],[36.6742753,38.392765],[36.6003911,38.389805],[36.6073167,38.3856669],[36.565495,38.3437922],[36.5654628,38.3245669],[36.5836614,38.3119461],[36.5185722,38.247215],[36.4835433,38.2423903],[36.4164875,38.2661883],[36.3891218,38.2415567],[36.3788353,38.2571889],[36.3807227,38.2108006],[36.3940737,38.2131083],[36.3889127,38.1862114],[36.3516985,38.1484108],[36.3626707,38.1411666],[36.3480314,38.1224515],[36.3582178,38.1047128],[36.3427345,38.0859007],[36.3492538,38.0535027],[36.3321715,38.0675739],[36.265404,38.0532633],[36.2544033,38.0260337],[36.2337968,38.0215807],[36.2056757,37.9576615],[36.2018762,37.934954],[36.2353572,37.9466038],[36.2923058,37.906644],[36.2928034,37.8943859],[36.2555254,37.7898151],[36.2684122,37.7778333],[36.2672972,37.7556632],[36.2134201,37.7147571]]]}},{"type":"Feature","properties":{"il":"gaziantep","name":"Gaziantep"},"geometry":{"type":"Polygon","coordinates":[[[37.0891752,36.9043492],[37.1648167,36.8833983],[37.2569489,36.8773292],[37.2981375,36.8596612],[37.309383,36.835483],[37.3059053,36.7693863],[37.3518564,36.7427125],[37.3590159,36.7253502],[37.3890707,36.7296161],[37.3906871,36.7989635],[37.4110704,36.8238614],[37.4458441,36.8211759],[37.4653685,36.7857238],[37.5805679,36.7091221],[37.6592735,36.7493817],[37.6827436,36.7439893],[37.7027913,36.757683],[37.7822836,36.7493388],[37.9035013,36.7917964],[37.9407121,36.8185642],[37.9940077,36.8320481],[38.0194215,36.826467],[38.0386045,36.8833234],[38.0099414,36.9169448],[38.0077098,36.9574212],[37.9663846,36.9869314],[37.9776691,37.0535177],[37.9227675,37.0402753],[37.8695224,37.0705036],[37.8777621,37.1333457],[37.8351901,37.2066639],[37.8402613,37.2238914],[37.882397,37.2176009],[37.8408549,37.2677536],[37.8615401,37.3150743],[37.887976,37.3266098],[37.8741573,37.3426473],[37.9338954,37.3863064],[37.9750941,37.4349837],[38.0376815,37.4426953],[38.0626414,37.4291223],[38.0796738,37.4610584],[38.0000034,37.4754649],[37.8610024,37.4666592],[37.8173538,37.4758989],[37.7314597,37.5270811],[37.6401234,37.5166377],[37.6292225,37.4880206],[37.5712486,37.477468],[37.5067131,37.4018049],[37.4515161,37.3926975],[37.4451388,37.3707609],[37.3924486,37.3376787],[37.3372837,37.3236716],[37.2454875,37.3310692],[37.1119035,37.2165686],[37.0055753,37.1809892],[36.996092,37.2046179],[37.0095129,37.233372],[36.9689433,37.2664443],[36.9675011,37.2928577],[36.8905876,37.3230933],[36.8379658,37.2433719],[36.771499,37.2283798],[36.746391,37.2369043],[36.6931381,37.2161761],[36.6795332,37.1839792],[36.6256856,37.1537221],[36.6175618,37.118561],[36.5734526,37.0924883],[36.5622654,37.0513246],[36.5239473,37.0126684],[36.4606509,36.9787552],[36.4428239,36.9330997],[36.4942286,36.8930202],[36.627407,36.8539188],[36.6651945,36.8267665],[36.7112892,36.8255072],[36.7204745,36.8573249],[36.8149216,36.919862],[36.8618916,36.8918072],[36.8825549,36.89585],[36.8893658,36.9139494],[36.8802431,36.9274255],[36.9268846,36.9559572],[36.9508661,37.0138315],[36.9937196,37.0346424],[37.0169631,36.9960162],[37.0640061,36.9960277],[37.0490724,36.9721162],[37.0722611,36.9639577],[37.0613855,36.9452383],[37.0891752,36.9043492]]]}},{"type":"Feature","properties":{"il":"kilis","name":"Kilis"},"geometry":{"type":"Polygon","coordinates":[[[37.0169631,36.9960162],[36.9937196,37.0346424],[36.9508661,37.0138315],[36.9268846,36.9559572],[36.8802431,36.9274255],[36.8893658,36.9139494],[36.8825549,36.89585],[36.8618916,36.8918072],[36.8149216,36.919862],[36.7204745,36.8573249],[36.7123606,36.8267519],[36.8845209,36.7771317],[36.9239179,36.7863175],[36.93396,36.7738511],[36.9975347,36.7655706],[36.9927304,36.7421558],[37.0465514,36.7262012],[37.0401841,36.7032076],[37.0159875,36.6955194],[37.020742,36.6661586],[37.0862072,36.6342149],[37.1061921,36.671548],[37.1246715,36.6656086],[37.142075,36.6773217],[37.1625607,36.6568669],[37.2167621,36.6753158],[37.474147,36.6330137],[37.495281,36.6736435],[37.5805679,36.7091221],[37.4653685,36.7857238],[37.4458441,36.8211759],[37.4245723,36.8233143],[37.4110704,36.8238614],[37.3906871,36.7989635],[37.3890707,36.7296161],[37.3590159,36.7253502],[37.3518564,36.7427125],[37.3059053,36.7693863],[37.309383,36.835483],[37.2981375,36.8596612],[37.2569489,36.8773292],[37.1648167,36.8833983],[37.0891752,36.9043492],[37.0613855,36.9452383],[37.0722611,36.9639577],[37.0490724,36.9721162],[37.0640061,36.9960277],[37.0169631,36.9960162]]]}},{"type":"Feature","properties":{"il":"adiyaman","name":"Adıyaman"},"geometry":{"type":"Polygon","coordinates":[[[37.6708451,37.9430225],[37.6184079,37.9493165],[37.598043,37.9330995],[37.6078504,37.9213665],[37.5828876,37.9025804],[37.564054,37.9006637],[37.5356942,37.9196214],[37.482929,37.8820347],[37.5122004,37.8648082],[37.5082161,37.7948498],[37.5211905,37.7974331],[37.5208841,37.7867765],[37.4836389,37.7499437],[37.4533164,37.7482244],[37.4693787,37.6822334],[37.435966,37.6409023],[37.448406,37.6230036],[37.4506751,37.5740043],[37.4957101,37.560923],[37.5077122,37.5859673],[37.5538328,37.6103706],[37.586324,37.5831633],[37.5813531,37.5210817],[37.6037704,37.4834572],[37.6292225,37.4880206],[37.6401234,37.5166377],[37.7314597,37.5270811],[37.8376565,37.4697605],[38.0416631,37.472918],[38.0760636,37.463924],[38.0809598,37.4479079],[38.1178306,37.4276909],[38.1810878,37.41024],[38.1990397,37.4511083],[38.2474349,37.4435024],[38.271172,37.4757463],[38.3054565,37.4725949],[38.3101696,37.4874974],[38.3830416,37.4811094],[38.4994355,37.4986033],[38.6513745,37.6241604],[38.7497176,37.6272123],[38.8568563,37.6509608],[38.8169457,37.6695586],[38.8102501,37.6935729],[38.8583646,37.6926169],[38.9126325,37.7129402],[38.9053399,37.7411986],[38.9586119,37.7529806],[38.9507782,37.8050392],[38.8968009,37.793864],[38.9207979,37.826398],[38.9766615,37.8238753],[38.9738656,37.8599719],[38.9924007,37.8851362],[38.9736968,37.9000874],[39.0248664,37.9166177],[39.0591654,37.9844434],[39.0883244,38.0074307],[39.1766961,38.0293465],[39.2223263,38.0717695],[39.2378483,38.1214274],[39.2632665,38.1527769],[39.2530368,38.1829582],[39.2200999,38.2077979],[39.1952249,38.2068301],[39.1624614,38.1835256],[39.134346,38.1893405],[39.1326539,38.1781281],[39.0508148,38.130157],[39.0502742,38.0827504],[39.0054593,38.0870293],[38.9922904,38.0714268],[38.923263,38.0509618],[38.8362722,38.0453136],[38.8078736,38.0029306],[38.7920617,37.9988692],[38.7654164,38.004803],[38.7410218,38.0388524],[38.6202546,38.0733862],[38.5940205,38.0934811],[38.5727163,38.1362855],[38.5069964,38.1605009],[38.4922172,38.1817073],[38.4505997,38.1902912],[38.4339305,38.134898],[38.4104058,38.1109315],[38.3884281,38.1067722],[38.2600871,38.1389999],[38.2487897,38.1538286],[38.2150104,38.1483825],[38.1729692,38.1092858],[38.1717972,38.0833844],[38.1265822,38.0791475],[38.1107051,38.0654436],[38.1102629,38.0475722],[38.1533926,38.0051629],[38.1476768,37.9931648],[38.0385581,37.8991055],[37.9661026,37.8665777],[37.884658,37.8884296],[37.7667569,37.8875539],[37.7563297,37.9346271],[37.725045,37.9116663],[37.6891659,37.9093386],[37.6931869,37.9587782],[37.6708451,37.9430225]]]}},{"type":"Feature","properties":{"il":"aydin","name":"Aydın"},"geometry":{"type":"Polygon","coordinates":[[[27.8561329,37.9704221],[27.8430734,37.9784123],[27.8135847,37.9627746],[27.7776486,37.9750182],[27.7553487,37.9491681],[27.7332044,37.9812214],[27.6940007,37.9824256],[27.6529822,37.9624801],[27.6226893,37.9722983],[27.6223027,38.0074621],[27.5240417,38.0077742],[27.473191,37.9665139],[27.4928336,37.9589889],[27.5020505,37.9374906],[27.456023,37.9264864],[27.4591757,37.8962961],[27.4256515,37.8772585],[27.4405581,37.8386567],[27.3897385,37.8152305],[27.3743731,37.8377336],[27.3916894,37.8510267],[27.3786807,37.8781223],[27.3169015,37.8722099],[27.2678947,37.9237871],[27.2548959,37.9250134],[27.2210389,37.887969],[27.1488831,37.8736189],[27.1009619,37.8460128],[27.1604912,37.790558],[27.1649284,37.7240556],[27.0867036,37.6996104],[27.0082648,37.6967257],[26.958483,37.6491704],[27.0540997,37.564047],[27.1090115,37.4576555],[27.1536273,37.3117961],[27.1593635,37.2426218],[27.2686723,37.2640862],[27.3183853,37.2860631],[27.3639555,37.3437219],[27.4732757,37.384127],[27.4904418,37.4022659],[27.4894119,37.4269442],[27.4439735,37.4702764],[27.4625855,37.5008689],[27.4909395,37.5036785],[27.5149882,37.5412892],[27.5815792,37.5237257],[27.6257824,37.5566647],[27.6200603,37.521782],[27.6292397,37.5051915],[27.6678044,37.4905937],[27.7272709,37.5212764],[27.77337,37.5106336],[27.7654645,37.4793826],[27.82051,37.4466826],[27.8419091,37.4760034],[27.8887834,37.4798446],[27.9033043,37.5010686],[27.9388432,37.4968587],[27.938982,37.4770753],[27.963207,37.459263],[28.0404711,37.4782899],[28.1019717,37.4491513],[28.1575199,37.4687238],[28.1553268,37.4877712],[28.1910618,37.4664286],[28.1928669,37.4815339],[28.2310768,37.4938031],[28.2229761,37.5299715],[28.2509911,37.5365446],[28.2505293,37.5916079],[28.2635957,37.6003228],[28.2882903,37.5749985],[28.2808116,37.5120998],[28.3461618,37.530389],[28.3731388,37.5143774],[28.4669951,37.5091394],[28.4634923,37.4967608],[28.5077554,37.4684591],[28.5860915,37.4719974],[28.6142077,37.4881907],[28.5707065,37.5312561],[28.6514107,37.542622],[28.6926168,37.5724161],[28.6960884,37.5903586],[28.7477666,37.6089145],[28.7919114,37.6472526],[28.8096268,37.7073974],[28.8311383,37.7062428],[28.8550513,37.7228944],[28.9044737,37.7135821],[28.8402817,37.7656056],[28.7444013,37.8136181],[28.737935,37.949081],[28.8198314,37.9299576],[28.8413659,37.9448947],[28.8441894,37.9766987],[28.835536,37.9861251],[28.7701982,37.9825999],[28.7155555,38.0594252],[28.6596197,38.0637019],[28.6351832,38.0919325],[28.5964857,38.0858065],[28.5908179,38.0978837],[28.5281857,38.1040957],[28.4850677,38.1225949],[28.4360706,38.0877267],[28.389911,38.1114843],[28.3754405,38.1078114],[28.3660293,38.1292952],[28.3305636,38.1217544],[28.331786,38.1010159],[28.3011688,38.0779587],[28.3097564,38.0547847],[28.2928689,38.0548346],[28.279297,38.0332154],[28.1581521,38.0492739],[28.1414192,38.0224544],[28.0728788,38.0266692],[28.0515845,38.0389644],[28.0182926,37.9820507],[28.0070999,37.9811459],[28.0073733,37.9657834],[27.9658938,37.9994117],[27.900342,37.9933131],[27.9062192,38.0149138],[27.8796,38.0123144],[27.8561329,37.9704221]]]}},{"type":"Feature","properties":{"il":"izmir","name":"İzmir"},"geometry":{"type":"Polygon","coordinates":[[[27.692284,37.9800043],[27.7332044,37.9812214],[27.7553487,37.9491681],[27.7776486,37.9750182],[27.8135847,37.9627746],[27.8430734,37.9784123],[27.8561329,37.9704221],[27.8796,38.0123144],[27.9062192,38.0149138],[27.900342,37.9933131],[27.9658938,37.9994117],[28.0073733,37.9657834],[28.0070999,37.9811459],[28.0182926,37.9820507],[28.0515845,38.0389644],[28.0728788,38.0266692],[28.1414192,38.0224544],[28.1581521,38.0492739],[28.279297,38.0332154],[28.2928689,38.0548346],[28.3097564,38.0547847],[28.3011688,38.0779587],[28.331786,38.1010159],[28.3294433,38.1098222],[28.3311599,38.1133339],[28.3301246,38.1193945],[28.3305636,38.1217544],[28.3316529,38.1222475],[28.3660293,38.1292952],[28.3754405,38.1078114],[28.389911,38.1114843],[28.4360706,38.0877267],[28.468827,38.1043728],[28.4850677,38.1225949],[28.4334487,38.1758491],[28.486283,38.1968993],[28.4928435,38.2318007],[28.4804832,38.2553489],[28.4052216,38.2672501],[28.3735026,38.2552914],[28.379488,38.2680221],[28.356534,38.2980655],[28.3129178,38.3221936],[28.2839907,38.311705],[28.2337785,38.3297624],[28.2108103,38.313258],[28.2118656,38.3402993],[28.1932999,38.3476997],[28.1890301,38.3688366],[28.143408,38.3616259],[28.0830177,38.406907],[27.9706096,38.3769484],[27.9098629,38.4185745],[27.8664565,38.3816328],[27.8883902,38.3396872],[27.8682869,38.3300832],[27.8588808,38.3080215],[27.8178696,38.3066878],[27.7962213,38.3387937],[27.7550348,38.3286978],[27.7357108,38.3627263],[27.7091809,38.3654152],[27.7171044,38.38605],[27.700128,38.4500841],[27.6189045,38.5048312],[27.5936192,38.4714404],[27.5478,38.4536],[27.4511,38.549],[27.3956,38.5596],[27.3512041,38.5338408],[27.3053654,38.5429294],[27.2903037,38.5580714],[27.275578,38.5535623],[27.2429936,38.5757036],[27.2277551,38.6408477],[27.2399461,38.6495854],[27.2287568,38.669992],[27.2026315,38.6819322],[27.2021431,38.691284],[27.2230344,38.690348],[27.2235417,38.7117683],[27.1484506,38.7437914],[27.1127128,38.8002195],[27.1845645,38.8211782],[27.1587235,38.8530729],[27.1686691,38.8743712],[27.1885643,38.8803106],[27.224459,38.8518322],[27.2352576,38.8686327],[27.2304303,38.9031854],[27.2664142,38.9035244],[27.2734308,38.9221073],[27.3012936,38.9280919],[27.3139,38.9265812],[27.3177489,38.9108001],[27.3337805,38.9171448],[27.3462587,38.9512557],[27.393894,38.9428385],[27.402247,38.9229339],[27.4548363,38.9302075],[27.4720358,38.9497267],[27.4690604,38.9905034],[27.4877393,39.0069793],[27.5309443,39.0324944],[27.5518656,39.0173248],[27.5638497,39.0260269],[27.4950242,39.1162851],[27.5054364,39.1306077],[27.4392986,39.1577189],[27.4550915,39.1728749],[27.4485254,39.1855579],[27.4795747,39.1998766],[27.4696273,39.2239688],[27.480433,39.2680786],[27.4635136,39.3068827],[27.4078953,39.3287954],[27.4019283,39.3705534],[27.3765324,39.3854872],[27.2936547,39.3765398],[27.2739458,39.3561187],[27.2248119,39.3398704],[27.2176737,39.3680306],[27.1783263,39.3793937],[27.1058039,39.3652131],[27.0788312,39.3507926],[27.066493,39.3243388],[27.0108813,39.3086009],[27.0164752,39.2923783],[26.9988262,39.2746402],[26.9772421,39.2915844],[26.9315457,39.2916061],[26.8785865,39.2361056],[26.8307483,39.2340067],[26.7686313,39.1666913],[26.6741678,39.1218223],[26.7046881,39.0320565],[26.6993022,38.9799924],[26.6465635,38.90973],[26.6185323,38.8091156],[26.3036318,38.7518899],[26.2598456,38.7320099],[26.2256511,38.6944484],[26.2157821,38.6515487],[26.3124525,38.5367924],[26.3209707,38.4984607],[26.3152919,38.4530304],[26.2428875,38.445932],[26.1891737,38.2926705],[26.1946179,38.241496],[26.2217016,38.1675335],[26.33638,38.1046111],[26.9187416,37.9647843],[27.0539619,37.9138591],[27.1009619,37.8460128],[27.1488831,37.8736189],[27.2210389,37.887969],[27.2548959,37.9250134],[27.2702121,37.9231777],[27.3169015,37.8722099],[27.3786807,37.8781223],[27.3916894,37.8510267],[27.3743731,37.8377336],[27.3897385,37.8152305],[27.4405581,37.8386567],[27.4256515,37.8772585],[27.4591757,37.8962961],[27.456023,37.9264864],[27.5020505,37.9374906],[27.4928336,37.9589889],[27.473191,37.9665139],[27.5240417,38.0077742],[27.6223027,38.0074621],[27.6226893,37.9722983],[27.6529822,37.9624801],[27.692284,37.9800043]]]}},{"type":"Feature","properties":{"il":"manisa","name":"Manisa"},"geometry":{"type":"Polygon","coordinates":[[[27.2366734,38.5835164],[27.275578,38.5535623],[27.2903037,38.5580714],[27.3053654,38.5429294],[27.3512041,38.5338408],[27.3956,38.5596],[27.4511,38.549],[27.5478,38.4536],[27.5936192,38.4714404],[27.6189045,38.5048312],[27.700128,38.4500841],[27.7171044,38.38605],[27.7091809,38.3654152],[27.7357108,38.3627263],[27.7550348,38.3286978],[27.7962213,38.3387937],[27.8178696,38.3066878],[27.8588808,38.3080215],[27.8682869,38.3300832],[27.8883902,38.3396872],[27.8664565,38.3816328],[27.9098629,38.4185745],[27.9706096,38.3769484],[28.0830177,38.406907],[28.143408,38.3616259],[28.1890301,38.3688366],[28.1932999,38.3476997],[28.2118656,38.3402993],[28.2108103,38.313258],[28.2337785,38.3297624],[28.2839907,38.311705],[28.3129178,38.3221936],[28.356534,38.2980655],[28.379488,38.2680221],[28.374875,38.2547391],[28.4052216,38.2672501],[28.4815195,38.2550319],[28.4895068,38.2007087],[28.4334487,38.1758491],[28.4850677,38.1225949],[28.5281857,38.1040957],[28.5908179,38.0978837],[28.5964857,38.0858065],[28.6798664,38.094399],[28.6782865,38.1078842],[28.7025937,38.1075017],[28.73011,38.1308589],[28.7305996,38.1743323],[28.7852675,38.1826358],[28.8069025,38.1722268],[28.8288354,38.2125588],[28.8695194,38.2325753],[28.834444,38.3090161],[28.7543641,38.3677855],[28.8263713,38.4585015],[28.803664,38.5391572],[28.8269912,38.5767431],[28.8234033,38.6004964],[28.8571051,38.6850836],[28.8717548,38.6987632],[28.9367479,38.7047746],[29.0294232,38.7370773],[29.1356264,38.8654145],[29.0067884,38.8537141],[28.9872206,38.8680493],[28.9689769,38.9092383],[28.9487974,38.9193765],[28.9555341,38.9403396],[28.9049252,38.9659095],[28.9399811,39.01831],[28.9267131,39.0246477],[28.9387348,39.0319048],[28.9359948,39.0527422],[28.9161323,39.0542207],[28.9067339,39.0713643],[28.8256165,39.0807221],[28.8060412,39.0783247],[28.8136391,39.0647957],[28.7908178,39.0506648],[28.7782267,39.0543314],[28.7802924,39.0790766],[28.7113268,39.0802927],[28.6657902,39.1018509],[28.616273,39.1051532],[28.608588,39.1100729],[28.6324636,39.1681686],[28.5922165,39.1727674],[28.588415,39.1465498],[28.5728049,39.1344426],[28.436034,39.1388063],[28.362142,39.1256556],[28.3135768,39.085468],[28.1938834,39.0719739],[28.1541643,39.0824464],[28.1434402,39.1056479],[28.0920314,39.1271133],[28.0705122,39.1976257],[27.9438333,39.2529201],[27.9343616,39.3365884],[27.9119045,39.3633875],[27.8843068,39.3391493],[27.8441651,39.3328838],[27.8021751,39.307181],[27.7692402,39.3208671],[27.7473248,39.3622203],[27.721029,39.3619086],[27.649019,39.3290389],[27.5655593,39.3457591],[27.4850437,39.4037252],[27.4405057,39.4027963],[27.4164074,39.3896174],[27.4001276,39.3583668],[27.4078953,39.3287954],[27.4647474,39.3056457],[27.4619472,39.2908837],[27.480433,39.2680786],[27.4696273,39.2239688],[27.4795747,39.1998766],[27.4485254,39.1855579],[27.4550915,39.1728749],[27.4360287,39.1646711],[27.5054364,39.1306077],[27.4950242,39.1162851],[27.5638497,39.0260269],[27.5518656,39.0173248],[27.5309443,39.0324944],[27.4877393,39.0069793],[27.4690604,38.9905034],[27.4720358,38.9497267],[27.4548363,38.9302075],[27.402247,38.9229339],[27.393894,38.9428385],[27.3462587,38.9512557],[27.3337805,38.9171448],[27.3177489,38.9108001],[27.3139,38.9265812],[27.3012936,38.9280919],[27.2734308,38.9221073],[27.2664142,38.9035244],[27.2304303,38.9031854],[27.2352576,38.8686327],[27.224459,38.8518322],[27.1885643,38.8803106],[27.1686691,38.8743712],[27.1587235,38.8530729],[27.1845645,38.8211782],[27.1127128,38.8002195],[27.1484506,38.7437914],[27.2235417,38.7117683],[27.2230344,38.690348],[27.2021431,38.691284],[27.2026315,38.6819322],[27.2287568,38.669992],[27.2399461,38.6495854],[27.2277551,38.6408477],[27.2366734,38.5835164]]]}},{"type":"Feature","properties":{"il":"denizli","name":"Denizli"},"geometry":{"type":"Polygon","coordinates":[[[28.7444013,37.8136181],[28.9044737,37.7135821],[28.8550513,37.7228944],[28.8311383,37.7062428],[28.8096268,37.7073974],[28.7919114,37.6472526],[28.7477666,37.6089145],[28.6960884,37.5903586],[28.6926168,37.5724161],[28.6514107,37.542622],[28.5707065,37.5312561],[28.6286351,37.4771915],[28.6156505,37.4286681],[28.6400564,37.3719564],[28.7009962,37.3656808],[28.7407347,37.323821],[28.7348135,37.2735321],[28.7822649,37.2407055],[28.7848526,37.1963338],[28.8282165,37.167543],[28.8341466,37.1400708],[28.9420819,37.1426036],[29.0126549,37.0702745],[29.0898526,37.0487573],[29.0874236,37.0362764],[29.1232281,37.0234121],[29.1436702,36.9827981],[29.1177911,36.9701069],[29.1016487,36.9767598],[29.0978053,36.9432847],[29.1418766,36.8941202],[29.1938911,36.8823365],[29.2231011,36.9149165],[29.3200837,36.9155311],[29.3290517,36.9266952],[29.3366105,36.9175797],[29.358622,36.9566562],[29.3914215,36.9817531],[29.3726216,36.9887199],[29.3788236,36.9990914],[29.3662258,37.0127116],[29.3826999,37.0665492],[29.4013572,37.0653454],[29.4046319,37.0499032],[29.4295393,37.0397651],[29.4415464,37.0831593],[29.431127,37.0992279],[29.4475004,37.1239969],[29.4513704,37.1629145],[29.4431243,37.196267],[29.4617386,37.2060042],[29.5241745,37.2931317],[29.5806715,37.2921099],[29.593086,37.3301806],[29.6206109,37.3538501],[29.6230363,37.4380585],[29.5935266,37.4490001],[29.5623226,37.4404107],[29.500837,37.5052904],[29.5847408,37.5280371],[29.586636,37.5407514],[29.5695593,37.5694896],[29.5064954,37.5858726],[29.5431398,37.6085873],[29.6144474,37.6210085],[29.6230659,37.6340914],[29.7102376,37.6074125],[29.7306766,37.6233646],[29.6831861,37.6552586],[29.7021222,37.7078299],[29.6946079,37.7171034],[29.7475087,37.7144879],[29.7643407,37.6940365],[29.8202472,37.6854738],[29.8454953,37.7297038],[29.8965927,37.7727195],[29.8868858,37.8254386],[29.7702514,37.8125987],[29.7474416,37.8215969],[29.7418215,37.8582439],[29.6799711,37.879343],[29.6684703,37.9121635],[29.6943739,37.9154927],[29.7227018,37.9433465],[29.6668375,37.9631866],[29.660877,38.0091862],[29.6681494,38.0154021],[29.6837256,37.988441],[29.7070459,37.979505],[29.745566,37.9878538],[29.7785566,38.0360475],[29.8117676,38.0506935],[29.8120447,38.070631],[29.8937984,38.0931607],[29.8702176,38.1155617],[29.8671318,38.1357952],[29.8850134,38.1504655],[29.9293597,38.170212],[29.9583936,38.1637359],[29.9520039,38.152236],[29.9581291,38.1413404],[29.9724344,38.1480906],[29.9686483,38.1349431],[29.9993449,38.1414641],[29.9988677,38.1771398],[30.0199993,38.1950242],[30.0719765,38.1894002],[30.0765616,38.21929],[30.0929783,38.235894],[30.0543895,38.288187],[29.9911354,38.3114133],[29.9697287,38.3381835],[29.9830814,38.3564681],[29.9795001,38.3749578],[30.0059384,38.392377],[30.0055947,38.404135],[29.9781627,38.4210296],[29.9320539,38.4094307],[29.9007051,38.4250509],[29.8811858,38.4594829],[29.8142623,38.4740857],[29.797203,38.4594401],[29.6762803,38.4592255],[29.6565959,38.4344751],[29.6702545,38.420628],[29.6182983,38.4209427],[29.6137454,38.3886225],[29.6484275,38.3746616],[29.6150845,38.3457865],[29.6264666,38.336439],[29.6174948,38.3226782],[29.6319569,38.2909447],[29.6185661,38.2870558],[29.6144149,38.2440546],[29.5893742,38.2454218],[29.5899098,38.2598282],[29.546122,38.2718138],[29.5307226,38.2890528],[29.509833,38.276124],[29.4704641,38.2759137],[29.4264085,38.302715],[29.4156959,38.3226782],[29.3826206,38.32646],[29.2981249,38.2991421],[29.2452749,38.2424807],[29.2149209,38.2407363],[29.2192545,38.2268055],[29.2041605,38.2269914],[29.2208672,38.193141],[29.2067923,38.1658584],[29.1825774,38.1858313],[29.1819836,38.2147799],[29.1248364,38.2350592],[29.0820627,38.2378242],[29.0450495,38.2192873],[29.0356564,38.2359585],[29.0115626,38.2304463],[28.9948492,38.2431847],[28.9446199,38.2304193],[28.8953543,38.2443507],[28.8288354,38.2125588],[28.8069025,38.1722268],[28.7852675,38.1826358],[28.7305996,38.1743323],[28.7320897,38.1369955],[28.7189051,38.1176765],[28.6782865,38.1078842],[28.6798664,38.094399],[28.6389585,38.0905563],[28.6596197,38.0637019],[28.7155555,38.0594252],[28.7701982,37.9825999],[28.835536,37.9861251],[28.8441894,37.9766987],[28.8413659,37.9448947],[28.8198314,37.9299576],[28.737935,37.949081],[28.7444013,37.8136181]]]}},{"type":"Feature","properties":{"il":"usak","name":"Uşak"},"geometry":{"type":"Polygon","coordinates":[[[30.0340791,38.8220466],[29.9366182,38.841906],[29.9046793,38.9111268],[29.7059538,38.9176928],[29.6399272,38.9354133],[29.5567727,38.9016901],[29.5073216,38.8994689],[29.5058235,38.8679826],[29.4778983,38.8507698],[29.3970641,38.8714766],[29.3276438,38.8160793],[29.2733842,38.792106],[29.247068,38.7928845],[29.1870068,38.8458442],[29.1356264,38.8654145],[29.0294232,38.7370773],[28.9367479,38.7047746],[28.8717548,38.6987632],[28.8571051,38.6850836],[28.8234033,38.6004964],[28.8269912,38.5767431],[28.803664,38.5391572],[28.8263713,38.4585015],[28.7548545,38.3596905],[28.834444,38.3090161],[28.8695194,38.2325753],[28.9103625,38.2480927],[28.9446199,38.2304193],[28.9752602,38.2312245],[28.9731993,38.2435505],[29.0115626,38.2304463],[29.0356564,38.2359585],[29.0450495,38.2192873],[29.0820627,38.2378242],[29.1248364,38.2350592],[29.1819836,38.2147799],[29.1825774,38.1858313],[29.2067923,38.1658584],[29.2208672,38.193141],[29.2041605,38.2269914],[29.2192545,38.2268055],[29.2149209,38.2407363],[29.2452749,38.2424807],[29.2931703,38.2963046],[29.3602581,38.3234135],[29.4156959,38.3226782],[29.4264085,38.302715],[29.4821141,38.27276],[29.5307226,38.2890528],[29.546122,38.2718138],[29.5899098,38.2598282],[29.5893742,38.2454218],[29.6144149,38.2440546],[29.6185661,38.2870558],[29.6319569,38.2909447],[29.6174948,38.3226782],[29.6264666,38.336439],[29.6150845,38.3457865],[29.6484275,38.3746616],[29.6137454,38.3886225],[29.6182983,38.4209427],[29.6702545,38.420628],[29.6565959,38.4344751],[29.6762803,38.4592255],[29.797203,38.4594401],[29.8142623,38.4740857],[29.8319991,38.5403535],[29.8939324,38.6282212],[29.9277482,38.6378255],[29.898182,38.6606367],[29.9039324,38.7088157],[29.9606583,38.7362456],[29.9967029,38.7360151],[30.0156115,38.7873892],[30.0070436,38.8060406],[30.0340791,38.8220466]]]}},{"type":"Feature","properties":{"il":"afyonkarahisar","name":"Afyonkarahisar"},"geometry":{"type":"Polygon","coordinates":[[[31.5405787,38.721063],[31.6096637,38.7919562],[31.6185833,38.8191668],[31.6162062,38.8500358],[31.6034067,38.8606883],[31.5643644,38.8586832],[31.6210449,38.9201875],[31.6077304,38.9736566],[31.6627479,38.9696278],[31.6737556,38.9838068],[31.706028,38.9582909],[31.7292665,38.9713421],[31.7301464,38.9885354],[31.6763949,39.0199339],[31.606679,39.0131651],[31.5925598,39.0202632],[31.5924847,39.0433112],[31.5445518,39.044144],[31.5410532,39.076385],[31.4474983,39.1131991],[31.4592699,39.1476456],[31.4521775,39.1654255],[31.4119047,39.1657405],[31.3867168,39.1838676],[31.3363221,39.1929696],[31.317577,39.2207249],[31.3295875,39.2517034],[31.3219929,39.2670225],[31.2584931,39.2356579],[31.1104413,39.2598934],[31.0708129,39.238773],[31.1055227,39.2189081],[31.1030576,39.2043989],[31.0545439,39.2019731],[31.0248695,39.1847264],[30.9392557,39.2170491],[30.8914744,39.2133812],[30.8779009,39.1791603],[30.9207548,39.1387157],[30.9180198,39.1202926],[30.7971496,39.1160589],[30.7845816,39.071423],[30.7348286,39.0476168],[30.6933577,39.0554082],[30.6688014,39.0896008],[30.5902867,39.0925669],[30.5481324,39.1146031],[30.5082413,39.2159248],[30.4911943,39.2288347],[30.4461877,39.2204708],[30.378018,39.1534907],[30.3178886,39.1568631],[30.2657008,39.1131563],[30.2679698,39.089972],[30.2422698,39.0594396],[30.2677221,39.002181],[30.2606663,38.9798156],[30.2281671,38.9703985],[30.1921225,38.9175474],[30.1424065,38.8861368],[30.1035393,38.8333528],[30.0637879,38.8155802],[30.0340791,38.8220466],[30.0070436,38.8060406],[30.0156115,38.7873892],[29.9967029,38.7360151],[29.9606583,38.7362456],[29.9039324,38.7088157],[29.898182,38.6606367],[29.9277482,38.6378255],[29.8939324,38.6282212],[29.8319991,38.5403535],[29.8142623,38.4740857],[29.8811858,38.4594829],[29.9007051,38.4250509],[29.9320539,38.4094307],[29.9781627,38.4210296],[30.0055947,38.404135],[30.0059384,38.392377],[29.9795001,38.3749578],[29.9830814,38.3564681],[29.9697287,38.3381835],[29.9911354,38.3114133],[30.0543895,38.288187],[30.0929783,38.235894],[30.0765616,38.21929],[30.0719765,38.1894002],[30.0199993,38.1950242],[29.9988677,38.1771398],[29.9993449,38.1414641],[29.9686483,38.1349431],[29.9724344,38.1480906],[29.9581291,38.1413404],[29.9520039,38.152236],[29.9583936,38.1637359],[29.9293597,38.170212],[29.8850134,38.1504655],[29.8671318,38.1357952],[29.8702176,38.1155617],[29.8937984,38.0931607],[29.8120447,38.070631],[29.8117676,38.0506935],[29.7785566,38.0360475],[29.745566,37.9878538],[29.7070459,37.979505],[29.6837256,37.988441],[29.6681494,38.0154021],[29.6588901,37.9763043],[29.6668375,37.9631866],[29.7227018,37.9433465],[29.6943739,37.9154927],[29.6684703,37.9121635],[29.669439,37.8981155],[29.6799711,37.879343],[29.7418215,37.8582439],[29.7474416,37.8215969],[29.7702514,37.8125987],[29.8868858,37.8254386],[29.8970523,37.7774879],[29.9939163,37.8069305],[30.0256915,37.8074119],[30.0478943,37.790497],[30.0925532,37.7992402],[30.1553437,37.8595684],[30.1566419,37.9221796],[30.1917199,37.9793343],[30.2505818,37.9917247],[30.3204387,38.0393013],[30.382586,38.0600546],[30.4073539,38.1267987],[30.4742154,38.1978073],[30.52441,38.1962843],[30.6437145,38.2282937],[30.6844889,38.2604936],[30.7248009,38.2693555],[30.7505765,38.2958256],[30.7825825,38.3012776],[30.8112097,38.3784546],[30.857555,38.4047991],[30.9127885,38.4075328],[30.9581981,38.427272],[30.9895339,38.5031445],[31.1323657,38.5016278],[31.1271331,38.4814533],[31.1381797,38.4618801],[31.2021343,38.4353188],[31.2058165,38.4243878],[31.1829479,38.4038879],[31.1856611,38.3858128],[31.2671612,38.3785259],[31.2759027,38.4281899],[31.3019489,38.4394797],[31.3221653,38.4876775],[31.4428698,38.5462666],[31.5647076,38.6258043],[31.5791069,38.6502499],[31.5407828,38.6876203],[31.5405787,38.721063]]]}},{"type":"Feature","properties":{"il":"kutahya","name":"Kütahya"},"geometry":{"type":"Polygon","coordinates":[[[30.223508,39.6839836],[30.1185382,39.6751063],[30.0603232,39.6554102],[29.9539268,39.6659636],[29.8808796,39.7034956],[29.798799,39.7099377],[29.7299372,39.7495017],[29.7348056,39.7899921],[29.7775979,39.82701],[29.780966,39.840873],[29.7604957,39.8678206],[29.5088778,39.8716419],[29.4716972,39.8384283],[29.4238387,39.8269099],[29.4019949,39.7938285],[29.3422457,39.7759972],[29.3139649,39.7828027],[29.3131925,39.7641352],[29.2644283,39.7494364],[29.2607253,39.7376195],[29.2857956,39.7148499],[29.2757124,39.6980411],[29.2486372,39.6907135],[29.1964474,39.5992687],[29.1571416,39.5935135],[29.0423054,39.6120725],[28.9975543,39.5987255],[28.986395,39.5662089],[28.9525165,39.5588151],[28.9528961,39.5377732],[28.9238458,39.5146812],[28.922621,39.4908619],[28.951413,39.4589221],[28.9429185,39.4379414],[28.9503045,39.4075591],[28.891778,39.4006522],[28.890479,39.3688093],[28.8719208,39.368092],[28.8531258,39.3417403],[28.7586232,39.2846221],[28.6644451,39.2889604],[28.6283433,39.2791243],[28.6186219,39.2463178],[28.6539827,39.1943767],[28.608588,39.1100729],[28.6657902,39.1018509],[28.7113268,39.0802927],[28.7802924,39.0790766],[28.7782267,39.0543314],[28.7908178,39.0506648],[28.8136391,39.0647957],[28.8060412,39.0783247],[28.9067339,39.0713643],[28.9406584,39.0377581],[28.9270213,39.0256192],[28.9399811,39.01831],[28.9206339,38.9776123],[28.9049252,38.9659095],[28.9555341,38.9403396],[28.9487974,38.9193765],[28.9689769,38.9092383],[28.9872206,38.8680493],[29.0067884,38.8537141],[29.1356264,38.8654145],[29.1870068,38.8458442],[29.247068,38.7928845],[29.3087076,38.8052964],[29.3970641,38.8714766],[29.4778983,38.8507698],[29.5058235,38.8679826],[29.5073216,38.8994689],[29.5567727,38.9016901],[29.6399272,38.9354133],[29.7059538,38.9176928],[29.9046793,38.9111268],[29.9515917,38.8320446],[30.0722313,38.8173787],[30.1035393,38.8333528],[30.1424065,38.8861368],[30.1838651,38.9094403],[30.2281671,38.9703985],[30.2606663,38.9798156],[30.2677221,39.002181],[30.2422698,39.0594396],[30.2679698,39.089972],[30.2657008,39.1131563],[30.3178886,39.1568631],[30.378018,39.1534907],[30.4461877,39.2204708],[30.3936512,39.2710327],[30.3934165,39.316086],[30.343652,39.3745393],[30.3528068,39.3975805],[30.3905996,39.4139042],[30.3363751,39.4356633],[30.3401309,39.5289688],[30.2617284,39.5648082],[30.2342641,39.5937559],[30.2096166,39.6541451],[30.2084429,39.6767324],[30.223508,39.6839836]]]}},{"type":"Feature","properties":{"il":"bilecik","name":"Bilecik"},"geometry":{"type":"Polygon","coordinates":[[[29.7980751,39.9318655],[29.747256,39.9023095],[29.7416306,39.8854732],[29.780966,39.840873],[29.7348056,39.7899921],[29.7299372,39.7495017],[29.798799,39.7099377],[29.8808796,39.7034956],[29.9539268,39.6659636],[30.0315834,39.6647903],[29.9883672,39.7160232],[30.0162426,39.7801441],[30.0984579,39.840305],[30.1554762,39.8583611],[30.2206832,39.8625755],[30.2946024,39.8405349],[30.2950316,39.8568805],[30.3194072,39.8670262],[30.303599,39.8730433],[30.2911668,39.9027247],[30.2906905,39.9531941],[30.3180182,39.9374016],[30.3523965,39.9397019],[30.3642948,39.9612916],[30.341265,39.9780688],[30.3612727,39.9839284],[30.362016,40.0039503],[30.3831418,40.0247443],[30.3849893,40.011395],[30.4495417,40.0110818],[30.4851833,40.0362326],[30.5367853,40.1020285],[30.53368,40.1219358],[30.5670415,40.1243474],[30.6624453,40.1677112],[30.6283894,40.1724392],[30.6421474,40.1984607],[30.6089389,40.219027],[30.6124695,40.2435104],[30.5924235,40.2826546],[30.5115475,40.2956775],[30.5085408,40.3102022],[30.4824917,40.3174922],[30.472092,40.3319869],[30.4811741,40.3442562],[30.4744215,40.3833524],[30.4423732,40.3819515],[30.4272136,40.3940754],[30.3763464,40.3779468],[30.3069673,40.3812111],[30.277352,40.3648441],[30.2397211,40.36384],[30.209937,40.3375795],[30.1901202,40.3547623],[30.150417,40.3615651],[30.0709492,40.458092],[30.0386942,40.4211548],[30.0114095,40.4301595],[29.9992648,40.464767],[29.9828308,40.4745408],[29.9772462,40.5012952],[29.9920238,40.5163303],[29.9669815,40.551366],[29.9052577,40.5301248],[29.8994309,40.4999015],[29.8513075,40.4659835],[29.8582035,40.4529841],[29.8802471,40.4542499],[29.8922445,40.4326679],[29.8860048,40.4154732],[29.7980765,40.3697995],[29.8525008,40.3280368],[29.8286008,40.2433108],[29.7970297,40.2234186],[29.7774769,40.1888075],[29.7261279,40.1645134],[29.7216003,40.0994972],[29.7541251,40.0017906],[29.7401811,39.9867761],[29.7602421,39.9556695],[29.7980751,39.9318655]]]}},{"type":"Feature","properties":{"il":"eskisehir","name":"Eskişehir"},"geometry":{"type":"Polygon","coordinates":[[[31.1054923,40.0580709],[31.0485648,40.0537346],[31.0004996,40.0302762],[30.9381007,40.0294218],[30.8546733,40.0612566],[30.819019,40.1419411],[30.7155739,40.1562078],[30.6804337,40.1873426],[30.661898,40.1639631],[30.5670415,40.1243474],[30.53368,40.1219358],[30.5367853,40.1020285],[30.4851833,40.0362326],[30.4495417,40.0110818],[30.3849893,40.011395],[30.3831418,40.0247443],[30.362016,40.0039503],[30.3612727,39.9839284],[30.341265,39.9780688],[30.3642948,39.9612916],[30.3523965,39.9397019],[30.3180182,39.9374016],[30.2906905,39.9531941],[30.2911668,39.9027247],[30.303599,39.8730433],[30.3194072,39.8670262],[30.2950316,39.8568805],[30.2946024,39.8405349],[30.1850409,39.8625708],[30.0984579,39.840305],[30.0162426,39.7801441],[29.9889163,39.7271922],[29.9920331,39.7006874],[30.048821,39.6555909],[30.1185382,39.6751063],[30.223508,39.6839836],[30.2084429,39.6767324],[30.2096166,39.6541451],[30.2342641,39.5937559],[30.2617284,39.5648082],[30.3401309,39.5289688],[30.3363751,39.4356633],[30.3905996,39.4139042],[30.3528068,39.3975805],[30.343652,39.3745393],[30.3934165,39.316086],[30.4025712,39.2586743],[30.4461877,39.2204708],[30.4911943,39.2288347],[30.5082413,39.2159248],[30.5481324,39.1146031],[30.5902867,39.0925669],[30.6688014,39.0896008],[30.7064864,39.0497797],[30.7348286,39.0476168],[30.7845816,39.071423],[30.7971496,39.1160589],[30.9180198,39.1202926],[30.9207548,39.1387157],[30.8779009,39.1791603],[30.8914744,39.2133812],[30.9392557,39.2170491],[31.0248695,39.1847264],[31.0545439,39.2019731],[31.0895833,39.1983879],[31.1055227,39.2189081],[31.0719467,39.2422241],[31.1104413,39.2598934],[31.2584931,39.2356579],[31.3219929,39.2670225],[31.3295875,39.2517034],[31.317577,39.2207249],[31.3363221,39.1929696],[31.3867168,39.1838676],[31.4119047,39.1657405],[31.4521775,39.1654255],[31.4592699,39.1476456],[31.4474983,39.1131991],[31.5410532,39.076385],[31.5445518,39.044144],[31.5553722,39.0402632],[31.6624582,39.0633986],[31.678133,39.0514185],[31.685214,39.0604246],[31.727711,39.0550927],[31.7682552,39.1133799],[31.839205,39.1341715],[31.8284225,39.1716606],[31.879835,39.1820402],[31.8847274,39.1993362],[31.9197463,39.2087141],[31.9179439,39.225804],[31.9618892,39.2451498],[31.9754504,39.2277322],[32.0011996,39.2196867],[31.9477271,39.2757864],[32.0114993,39.3251355],[31.967554,39.3556707],[31.9891833,39.3734547],[31.9660091,39.3948823],[31.9902991,39.4267793],[31.994419,39.4624389],[31.983261,39.4779431],[31.9947623,39.4985439],[31.9618034,39.5156954],[31.9728755,39.5401903],[31.9535636,39.5458825],[31.9459247,39.5636179],[31.9468688,39.5396608],[31.8983745,39.5436984],[31.8918513,39.5748656],[31.9060992,39.5803565],[31.8854999,39.5986122],[31.9434356,39.6362328],[31.9113349,39.6701993],[31.8825816,39.6666977],[31.8443011,39.6903467],[31.8026733,39.6911393],[31.7647332,39.7225605],[31.7887687,39.7832127],[31.814947,39.7925122],[31.8297958,39.7845319],[31.8515967,39.841693],[31.8806075,39.8318728],[31.89852,39.8557752],[31.8512106,39.8496667],[31.8467044,39.8592866],[31.8707799,39.8727918],[31.858077,39.8832976],[31.7874813,39.8830671],[31.7401885,39.9338942],[31.7350387,39.9729106],[31.7231082,39.9656749],[31.6985606,39.9777779],[31.6944408,39.9940215],[31.7125563,40.0214882],[31.6591511,40.0087265],[31.6690935,40.0521317],[31.6130486,40.0222163],[31.5346966,40.0369895],[31.5049935,40.0205533],[31.4631138,40.0450062],[31.4383945,40.022005],[31.4014873,40.0168779],[31.3882694,40.0350181],[31.404333,40.0511395],[31.3918876,40.0617165],[31.3418483,40.0459489],[31.2676047,40.0631617],[31.1780833,40.0475258],[31.117916,40.0716351],[31.1054923,40.0580709]]]}},{"type":"Feature","properties":{"il":"ankara","name":"Ankara"},"geometry":{"type":"Polygon","coordinates":[[[32.0325608,40.4174651],[32.0110702,40.3783939],[31.9376849,40.3436659],[31.9108199,40.34589],[31.8527984,40.3047964],[31.7494582,40.3317587],[31.7023801,40.3092472],[31.6982878,40.3191224],[31.6741179,40.313783],[31.5911759,40.2685711],[31.5400313,40.2964175],[31.5178012,40.2932752],[31.5087461,40.3072509],[31.501671,40.2881914],[31.4517974,40.2953701],[31.4537715,40.2611233],[31.414976,40.2675418],[31.4159202,40.2898708],[31.3869952,40.3168391],[31.4199542,40.3347684],[31.4487933,40.3278328],[31.431198,40.349357],[31.4352321,40.3652503],[31.379528,40.3700896],[31.373434,40.3499457],[31.3453673,40.3407874],[31.3271712,40.3537395],[31.3094043,40.3299267],[31.2781619,40.3421612],[31.2135314,40.3366003],[31.199541,40.3521043],[31.068911,40.3496055],[31.0557532,40.2703906],[31.0743784,40.2612215],[31.0727477,40.2284646],[30.9551596,40.2117526],[30.9367918,40.1732662],[30.9012579,40.1777257],[30.8521628,40.1579181],[30.8732771,40.1107369],[30.8361038,40.0978711],[30.8546733,40.0612566],[30.9381007,40.0294218],[31.0004996,40.0302762],[31.0485648,40.0537346],[31.1010141,40.0540292],[31.1154269,40.0716351],[31.1884688,40.046606],[31.2676047,40.0631617],[31.3418483,40.0459489],[31.3918876,40.0617165],[31.404333,40.0511395],[31.3882694,40.0350181],[31.4014873,40.0168779],[31.4383945,40.022005],[31.4631138,40.0450062],[31.5049935,40.0205533],[31.5346966,40.0369895],[31.6130486,40.0222163],[31.6690935,40.0521317],[31.6591511,40.0087265],[31.7125563,40.0214882],[31.6944408,39.9940215],[31.6985606,39.9777779],[31.7231082,39.9656749],[31.7350387,39.9729106],[31.7401885,39.9338942],[31.7874813,39.8830671],[31.858077,39.8832976],[31.8707799,39.8727918],[31.8467044,39.8592866],[31.8512106,39.8496667],[31.89852,39.8557752],[31.8806075,39.8318728],[31.8515967,39.841693],[31.8297958,39.7845319],[31.814947,39.7925122],[31.7887687,39.7832127],[31.7647332,39.7225605],[31.7920302,39.6949699],[31.8443011,39.6903467],[31.8825816,39.6666977],[31.9113349,39.6701993],[31.9258403,39.65976],[31.9436072,39.6345142],[31.8854999,39.5986122],[31.9060992,39.5803565],[31.8918513,39.5748656],[31.8983745,39.5436984],[31.9468688,39.5396608],[31.9459247,39.5636179],[31.9535636,39.5458825],[31.9728755,39.5401903],[31.9618034,39.5156954],[31.995449,39.4960933],[31.983261,39.4779431],[31.994419,39.4624389],[31.9902991,39.4267793],[31.9660091,39.3948823],[31.9891833,39.3734547],[31.967554,39.3556707],[32.0114993,39.3251355],[31.9477271,39.2757864],[32.0011996,39.2196867],[31.9568252,39.2439533],[31.9475555,39.2303916],[31.9179439,39.225804],[31.9150256,39.2057878],[31.8847274,39.1993362],[31.879835,39.1820402],[31.8284225,39.1716606],[31.8463609,39.1400385],[31.8954667,39.1267065],[31.8884822,39.1192487],[31.9241664,39.0890102],[31.9226858,39.0715622],[31.9384626,39.07439],[31.9278571,39.0304612],[31.9478771,39.0030361],[32.1092603,38.9472361],[32.1318339,38.9550705],[32.1352672,38.9907703],[32.1184444,39.0230514],[32.130289,39.0102474],[32.1478843,39.0133152],[32.144966,39.0284523],[32.1734618,39.0303193],[32.1697711,39.012715],[32.2162913,39.0108477],[32.228136,38.9853664],[32.3104476,39.0121148],[32.3200054,39.0314949],[32.3295879,39.0216511],[32.3669242,39.0267187],[32.3687266,39.0047117],[32.3973941,38.9728226],[32.4406965,38.9546462],[32.5097465,39.0060456],[32.5104331,39.0367864],[32.5421905,39.0426529],[32.5662231,39.0225846],[32.599646,39.022028],[32.6253604,39.074977],[32.6201247,39.0980946],[32.7920436,39.1240678],[32.8038024,39.1455052],[32.7907561,39.1548903],[32.815647,39.160614],[32.8103255,39.169864],[32.8422546,39.1860985],[32.8110122,39.1938152],[32.799425,39.2102437],[32.7807998,39.2070514],[32.7978801,39.2170268],[32.7962493,39.2277322],[32.7830314,39.2258705],[32.7991675,39.2429562],[32.7902412,39.2452828],[32.8387864,39.260383],[32.8688621,39.2543222],[32.8892898,39.272132],[32.9059409,39.2268678],[32.9305743,39.2394331],[32.9175281,39.2428233],[32.9482555,39.2815666],[32.9748629,39.2915979],[33.0343436,39.2713346],[33.0018138,39.2325856],[33.0091094,39.2166944],[32.9994105,39.2123053],[33.023014,39.1959438],[33.0636977,39.2083816],[33.0784606,39.2319208],[33.1163978,39.248008],[33.1369113,39.2825631],[33.1570815,39.2815666],[33.1565665,39.2968454],[33.1637763,39.304882],[33.1849765,39.2967125],[33.2014785,39.2606343],[33.1914137,39.2543223],[33.1960486,39.239832],[33.1585406,39.2345136],[33.1614589,39.2097117],[33.1227492,39.1750541],[33.171501,39.1276634],[33.2121847,39.1170094],[33.2336424,39.0825061],[33.3084868,39.0745106],[33.3247946,39.0891683],[33.2995738,39.1052392],[33.3409801,39.0941328],[33.3896662,39.0312234],[33.3877978,38.9406814],[33.344329,38.8650091],[33.3236851,38.6618837],[33.6436035,38.6887577],[33.7345504,38.7404944],[33.7525748,38.7760344],[33.7777232,38.7936974],[33.7670802,38.8215211],[33.783903,38.8308156],[33.7778949,38.8409779],[33.7986659,38.8576223],[33.8030433,38.8828153],[33.7863921,38.9100699],[33.737812,38.9265979],[33.7380694,38.9592754],[33.7243365,38.9614111],[33.7204742,38.9796953],[33.7308597,38.9879683],[33.7954043,38.9780272],[33.849306,39.0268521],[33.8852273,39.0278782],[33.8641585,39.0624843],[33.8372116,39.0744324],[33.7579396,39.0764487],[33.7400317,39.1054469],[33.5584567,39.2083192],[33.5060691,39.2911328],[33.4630679,39.3002328],[33.443241,39.3186285],[33.4659862,39.3395418],[33.4542274,39.3536797],[33.4250449,39.3520205],[33.4279632,39.3671512],[33.4063338,39.3652268],[33.4215259,39.3999894],[33.405733,39.3952139],[33.3827304,39.4131204],[33.396635,39.4257848],[33.3874511,39.4374526],[33.3937047,39.4564111],[33.3477973,39.4633666],[33.3450507,39.5080804],[33.3221339,39.5133117],[33.3228206,39.5323132],[33.2894324,39.55078],[33.3244514,39.5469415],[33.3131217,39.5625592],[33.3285712,39.5769165],[33.3149242,39.5883605],[33.3279646,39.6270211],[33.31501,39.6442964],[33.2762145,39.676079],[33.2566451,39.6769378],[33.2381057,39.6443625],[33.1860925,39.6596845],[33.2291815,39.6952076],[33.2268619,39.7226363],[33.2559664,39.7123155],[33.2642112,39.7385481],[33.2840209,39.738476],[33.2859332,39.760436],[33.2663364,39.7465463],[33.2672275,39.762998],[33.2982811,39.8217649],[33.2633399,39.8329274],[33.2581042,39.8539497],[33.2985477,39.8450056],[33.3046807,39.8525803],[33.2934814,39.8619961],[33.311747,39.8755547],[33.3060365,39.9000712],[33.3747481,39.923429],[33.3993816,39.9730422],[33.4191226,39.9472531],[33.4443568,39.9857358],[33.5058116,39.9752785],[33.5173987,39.9874456],[33.5149955,40.0280746],[33.4980868,40.0444377],[33.4628963,40.0488399],[33.4925078,40.0540302],[33.526411,40.0820775],[33.594818,40.0877907],[33.5873508,40.1004629],[33.6178207,40.1083409],[33.61104,40.1312474],[33.6321544,40.1357752],[33.6367892,40.1605092],[33.5931014,40.1780864],[33.5932731,40.1873979],[33.6183356,40.2419952],[33.61104,40.2579793],[33.6290645,40.283389],[33.6440848,40.2795257],[33.6468415,40.2955756],[33.6000537,40.3269822],[33.5647773,40.3313661],[33.5611724,40.3464788],[33.5270976,40.3210929],[33.4834098,40.3153339],[33.4785174,40.3339833],[33.4883021,40.3386939],[33.4272765,40.3552439],[33.4372329,40.3723129],[33.417679,40.3896563],[33.4021281,40.374863],[33.3929443,40.3914695],[33.3611869,40.3887238],[33.3152675,40.4087254],[33.3170699,40.3750592],[33.3456515,40.3502073],[33.3381843,40.3322167],[33.314495,40.3385631],[33.2649746,40.3186934],[33.2343291,40.3463479],[33.2369041,40.3577293],[33.2063483,40.3757785],[33.2154464,40.3867626],[33.2097816,40.4134961],[33.1794833,40.4253235],[33.1519317,40.4648418],[33.1315898,40.4643194],[33.1398295,40.4701962],[33.1290149,40.4889333],[33.0434417,40.4677803],[32.9652499,40.5447219],[32.919588,40.5170618],[32.8799342,40.5174533],[32.8797626,40.5591997],[32.915039,40.5734789],[32.8998469,40.5817581],[32.9188155,40.586321],[32.8831958,40.5995517],[32.8920364,40.6431356],[32.7793407,40.660392],[32.7085303,40.7042616],[32.6995181,40.7408192],[32.6669883,40.7538892],[32.5240802,40.7345759],[32.5300025,40.7157775],[32.5102614,40.6734127],[32.4265765,40.6848688],[32.4316405,40.6676188],[32.4158477,40.65922],[32.4145602,40.6416377],[32.4379062,40.6238554],[32.4294089,40.5901666],[32.4618529,40.581041],[32.4483775,40.5593954],[32.3604869,40.5402214],[32.3579978,40.5686543],[32.3728465,40.5849522],[32.3210906,40.5912747],[32.2948264,40.5668287],[32.2542285,40.5626557],[32.2515678,40.5445914],[32.1567248,40.548896],[32.1149252,40.532459],[32.090721,40.5003558],[32.0298671,40.5070126],[31.9922915,40.4825137],[31.9993114,40.4684332],[32.0306396,40.4642541],[32.0195674,40.431073],[32.0325608,40.4174651]]]}},{"type":"Feature","properties":{"il":"kirikkale","name":"Kırıkkale"},"geometry":{"type":"Polygon","coordinates":[[[33.5959338,40.089695],[33.526411,40.0820775],[33.4925078,40.0540302],[33.4628963,40.0488399],[33.4980868,40.0444377],[33.5149955,40.0280746],[33.5173987,39.9874456],[33.5058116,39.9752785],[33.4443568,39.9857358],[33.4191226,39.9472531],[33.3993816,39.9730422],[33.3747481,39.923429],[33.3060365,39.9000712],[33.311747,39.8755547],[33.2934814,39.8619961],[33.3046807,39.8525803],[33.2985477,39.8450056],[33.2581042,39.8539497],[33.2633399,39.8329274],[33.2982811,39.8217649],[33.2672275,39.762998],[33.2663364,39.7465463],[33.2859332,39.760436],[33.2840209,39.738476],[33.2642112,39.7385481],[33.2559664,39.7123155],[33.2268619,39.7226363],[33.2291815,39.6952076],[33.1860925,39.6596845],[33.2381057,39.6443625],[33.2566451,39.6769378],[33.2762145,39.676079],[33.31501,39.6442964],[33.3279646,39.6270211],[33.3149242,39.5883605],[33.3285712,39.5769165],[33.3131217,39.5625592],[33.3244514,39.5469415],[33.2894324,39.55078],[33.3228206,39.5323132],[33.3221339,39.5133117],[33.3450507,39.5080804],[33.3477973,39.4633666],[33.3937047,39.4564111],[33.3874511,39.4374526],[33.396635,39.4257848],[33.3827304,39.4131204],[33.405733,39.3952139],[33.4217834,39.3965405],[33.4477671,39.4307633],[33.5065754,39.4174912],[33.5368959,39.4254627],[33.6796923,39.510512],[33.7311421,39.4658653],[33.7563441,39.4781902],[33.7747286,39.5067605],[33.7298956,39.513854],[33.7320751,39.5281782],[33.8458535,39.5716794],[33.8551363,39.5782139],[33.841287,39.5958047],[33.8629991,39.6052898],[33.9067131,39.6579464],[33.9602992,39.6761937],[33.9578617,39.7053661],[33.9984544,39.7421792],[34.0627407,39.7881246],[34.114437,39.7923777],[34.0606553,39.8351561],[34.0707698,39.8458485],[34.0641555,39.8585964],[34.0945653,39.8763984],[34.0951588,39.908757],[34.1668467,39.9378722],[34.208147,39.9775884],[34.1429546,40.0427169],[34.0901756,40.0706918],[34.061618,40.1970729],[33.9947305,40.1901148],[33.9481624,40.2684837],[33.8103923,40.2807443],[33.8018075,40.3349144],[33.7851878,40.3207237],[33.6969865,40.3336547],[33.6589824,40.323184],[33.6440848,40.2795257],[33.6290645,40.283389],[33.61104,40.2579793],[33.6183356,40.2419952],[33.5932731,40.1873979],[33.5931014,40.1780864],[33.6341285,40.1658878],[33.6321544,40.1357752],[33.61104,40.1312474],[33.6178207,40.1083409],[33.5873508,40.1004629],[33.5959338,40.089695]]]}},{"type":"Feature","properties":{"il":"tokat","name":"Tokat"},"geometry":{"type":"Polygon","coordinates":[[[35.9780086,39.9517475],[36.0086885,39.9267841],[36.066895,39.931737],[36.0807593,39.9007437],[36.1239694,39.8932047],[36.150843,39.8949755],[36.1345075,39.9301803],[36.21808,39.9350212],[36.2259531,39.9520845],[36.3136099,39.9745896],[36.3928852,39.9789572],[36.5121913,39.9572156],[36.6248346,39.9894222],[36.6481977,39.9775765],[36.6611582,40.0271273],[36.6392143,40.0599704],[36.6478693,40.0780203],[36.7424225,40.1460403],[36.7695531,40.2214591],[36.7869798,40.2275142],[36.8692756,40.2359102],[36.9193501,40.2043258],[37.0047559,40.2258202],[37.0627994,40.1935747],[37.0760474,40.1962835],[37.0805525,40.2356591],[37.0947184,40.2464769],[37.3483438,40.2036418],[37.3648355,40.1742246],[37.4455616,40.1687115],[37.4603898,40.1967598],[37.4327826,40.2232998],[37.4777402,40.2501451],[37.5175875,40.2568707],[37.5927281,40.3203424],[37.6213147,40.3883027],[37.6440868,40.3861683],[37.6653888,40.4109411],[37.6358061,40.4345833],[37.6375561,40.4567376],[37.6137605,40.4578872],[37.6090001,40.4791511],[37.6280211,40.4990197],[37.6134899,40.5054847],[37.6219291,40.5257447],[37.6022404,40.5222678],[37.6129797,40.5487939],[37.5178433,40.5321159],[37.4422408,40.5652486],[37.4168206,40.543487],[37.3933965,40.5439936],[37.3754474,40.5551777],[37.366907,40.5851042],[37.3404622,40.5990599],[37.241587,40.6128892],[37.2447488,40.642932],[37.2277351,40.656787],[37.2381701,40.6671979],[37.2032353,40.6788114],[37.1870258,40.7310666],[37.106879,40.721658],[36.9940851,40.686089],[36.9427239,40.7196839],[36.8662126,40.7046123],[36.8407347,40.7120804],[36.8564444,40.7424856],[36.8508867,40.7667095],[36.7776361,40.8008443],[36.7696262,40.8311759],[36.7125932,40.8394149],[36.6906915,40.8846946],[36.6402235,40.9098219],[36.6147279,40.8933348],[36.5930405,40.9080504],[36.5876862,40.8964513],[36.4947055,40.8734],[36.4513473,40.8816302],[36.4151125,40.8553924],[36.4111095,40.8191523],[36.5105924,40.7672633],[36.4466007,40.7605619],[36.3969527,40.7328425],[36.3986773,40.6757843],[36.2976594,40.5803931],[36.2849545,40.5628586],[36.2928296,40.5454163],[36.2417037,40.5038405],[36.138061,40.4730751],[36.1063386,40.4413431],[36.0139618,40.4679814],[36.017269,40.484542],[35.9776553,40.5014782],[35.8250989,40.4968063],[35.832782,40.4697193],[35.8057686,40.4245388],[35.7388242,40.4261143],[35.7084469,40.3641556],[35.5217415,40.3105135],[35.4325569,40.2427259],[35.5027627,40.1948345],[35.5095288,40.1756026],[35.489122,40.1398804],[35.6442085,40.1136678],[35.6992902,40.0687799],[35.7595805,40.0755586],[35.7786025,40.0995426],[36.0375429,40.1046253],[36.0455475,40.0997084],[36.0273387,40.0827019],[35.9439168,40.0510847],[35.941992,40.0167163],[35.9780086,39.9517475]]]}},{"type":"Feature","properties":{"il":"sivas","name":"Sivas"},"geometry":{"type":"Polygon","coordinates":[[[38.4468021,40.1630186],[38.4531129,40.1426009],[38.4319531,40.1264299],[38.4005515,40.1501555],[38.3757395,40.1473216],[38.3248231,40.1690304],[38.3267859,40.1798618],[38.2990775,40.1917511],[38.1596377,40.2180913],[38.1692659,40.2373738],[38.190092,40.2370283],[38.197658,40.2508629],[38.184304,40.2613289],[38.1838864,40.2971326],[38.1423226,40.3436976],[38.1611665,40.3564905],[38.1491603,40.3851957],[38.1769542,40.4354813],[38.1758895,40.4782472],[38.1419585,40.5132037],[38.0742105,40.5228075],[38.0649935,40.551956],[38.0332074,40.5342663],[37.971563,40.4636808],[37.9450979,40.4801703],[37.932055,40.4295367],[37.8924525,40.3755082],[37.851169,40.3439446],[37.8388654,40.3426995],[37.7926048,40.3878062],[37.7561592,40.392849],[37.7584937,40.3334801],[37.7213221,40.3257705],[37.6771654,40.3466791],[37.6756167,40.3732942],[37.6213147,40.3883027],[37.5927281,40.3203424],[37.5175875,40.2568707],[37.4777402,40.2501451],[37.4327826,40.2232998],[37.4603898,40.1967598],[37.4455616,40.1687115],[37.3648355,40.1742246],[37.3483438,40.2036418],[37.0947184,40.2464769],[37.0805525,40.2356591],[37.0760474,40.1962835],[37.0627994,40.1935747],[37.0047559,40.2258202],[36.9193501,40.2043258],[36.8692756,40.2359102],[36.7869798,40.2275142],[36.7695531,40.2214591],[36.7424225,40.1460403],[36.6478693,40.0780203],[36.6392143,40.0599704],[36.6611582,40.0271273],[36.6481977,39.9775765],[36.6248346,39.9894222],[36.5121913,39.9572156],[36.3928852,39.9789572],[36.3136099,39.9745896],[36.2259531,39.9520845],[36.21808,39.9350212],[36.1345075,39.9301803],[36.150843,39.8949755],[36.1239694,39.8932047],[36.0807593,39.9007437],[36.066895,39.931737],[36.0086885,39.9267841],[35.9769981,39.9513279],[36.000682,39.8914544],[36.0766682,39.8584653],[36.0496282,39.7670607],[36.1034355,39.7226217],[36.1546386,39.7114302],[36.1682786,39.69561],[36.1431685,39.6545508],[36.1548258,39.6029702],[36.1391597,39.5823222],[36.1435365,39.5550009],[36.0851682,39.5142346],[36.019733,39.5073136],[35.9418947,39.5434224],[35.8825317,39.5298478],[35.867993,39.5129539],[35.8596142,39.4592331],[35.8697,39.4118123],[35.8863685,39.3931428],[35.8750315,39.3846716],[35.8538028,39.2928875],[35.91508,39.2663258],[35.9133486,39.2436739],[35.9366953,39.2416556],[35.9435067,39.2070869],[35.9579772,39.2086467],[35.9593342,39.1901564],[35.9776386,39.1899089],[35.9617239,39.1561261],[35.9933356,39.1467153],[35.9876486,39.1400544],[36.0099506,39.1482967],[36.0418822,39.1373689],[36.0917567,39.1058828],[36.0997628,39.0815522],[36.1482542,39.0880217],[36.1589864,39.1006592],[36.25418,39.0644833],[36.2630394,39.0954369],[36.2983928,39.1051242],[36.2916014,39.0964058],[36.3310258,39.0744111],[36.3346192,39.0535297],[36.3638981,39.0861003],[36.4094436,39.0907517],[36.4004758,39.1152178],[36.4108347,39.1383889],[36.4465844,39.1301464],[36.4871275,39.0742431],[36.5180286,39.1127086],[36.5420192,39.1029561],[36.5623514,39.1161889],[36.5991664,39.1010303],[36.6327964,39.1328878],[36.6357597,39.1526575],[36.6527086,39.1512517],[36.6561275,39.1783478],[36.6719031,39.1816731],[36.6709583,39.1721936],[36.6885789,39.1751483],[36.7033769,39.1621711],[36.7360606,39.1713314],[36.747255,39.1384097],[36.7679764,39.1353244],[36.7705583,39.1023047],[36.84622,39.1170483],[36.8467644,39.0988886],[36.8879706,39.0775914],[36.8741586,39.0660442],[36.8795864,39.0424728],[36.9277725,39.0054467],[36.9357464,38.9951553],[36.9250428,38.9786953],[36.9597697,38.9577492],[36.9587414,38.943315],[36.91478,38.9422283],[36.8987469,38.9147772],[36.8494206,38.8978078],[36.8604011,38.854075],[36.7876847,38.7977344],[36.7925825,38.775375],[36.8209111,38.7862778],[36.8136769,38.7619319],[36.7576867,38.7517872],[36.7244458,38.7249219],[36.7641678,38.7057944],[36.7485928,38.6708917],[36.7891464,38.6550506],[36.79683,38.6311033],[36.7799517,38.6014403],[36.7308689,38.5845542],[36.7804256,38.5370853],[36.8806079,38.5684144],[36.9519274,38.5664301],[37.0638104,38.5861136],[37.3001507,38.5655675],[37.3195406,38.5970616],[37.3644948,38.5929695],[37.4025031,38.608937],[37.4108275,38.6816634],[37.4294355,38.7052694],[37.4886016,38.7194364],[37.5576972,38.7926114],[37.5352127,38.8471588],[37.5451215,38.9297049],[37.4703158,39.0210862],[37.4807291,39.0414378],[37.5108285,39.0348917],[37.5294869,39.0067461],[37.6130468,39.0147614],[37.7486035,38.9716563],[37.7836371,39.0097262],[37.757543,39.0403385],[37.7782577,39.0819999],[37.8279408,39.0897352],[37.9341363,39.0683176],[37.962456,39.0828301],[38.0609283,39.0964367],[38.1617377,39.0832318],[38.2517918,39.1378325],[38.3242273,39.1527896],[38.367868,39.2514933],[38.3658151,39.3036467],[38.3299137,39.3391043],[38.3306448,39.3587373],[38.3396917,39.3716779],[38.3806063,39.3716909],[38.3663583,39.3943098],[38.3921476,39.4048511],[38.3952021,39.4186126],[38.3787472,39.4447919],[38.3000848,39.4912283],[38.2772508,39.5347747],[38.3479056,39.5878372],[38.3104793,39.6467319],[38.3520401,39.7024711],[38.3630287,39.7315259],[38.3566005,39.7638384],[38.4029307,39.7804951],[38.4514507,39.8266596],[38.4315644,39.8587824],[38.4067309,39.8708404],[38.3889442,39.9179738],[38.4581408,39.9857334],[38.5499283,39.9567773],[38.6434033,40.0030303],[38.6866533,40.0098727],[38.7161432,39.9878307],[38.7629604,40.0149431],[38.7723577,40.067732],[38.7542198,40.104501],[38.7162685,40.0897864],[38.6202496,40.1112024],[38.5736584,40.0970056],[38.5237442,40.1561685],[38.4468021,40.1630186]]]}},{"type":"Feature","properties":{"il":"malatya","name":"Malatya"},"geometry":{"type":"Polygon","coordinates":[[[39.1514252,38.2992522],[39.1062794,38.3478962],[38.9677752,38.3188946],[38.9176505,38.3556887],[38.8902424,38.3581649],[38.8767066,38.3864261],[38.8344346,38.4097645],[38.8337801,38.4319105],[38.813149,38.4435089],[38.7083205,38.4156708],[38.5866545,38.4445478],[38.5661085,38.4609359],[38.4685975,38.474829],[38.3618553,38.5418475],[38.3658035,38.6324196],[38.4124954,38.6842961],[38.4672085,38.6970594],[38.4712138,38.7502164],[38.5090507,38.7479844],[38.5332163,38.7651188],[38.6248406,38.7442356],[38.6454501,38.7564414],[38.627254,38.77431],[38.653593,38.7960623],[38.6474195,38.8202114],[38.569996,38.9226964],[38.5991677,38.9471191],[38.5975353,38.9711388],[38.6503517,38.9936403],[38.6611436,39.0183773],[38.688528,39.0311177],[38.6069884,39.1090852],[38.5376046,39.120907],[38.4996022,39.1430157],[38.388764,39.1153751],[38.3242273,39.1527896],[38.2517918,39.1378325],[38.1617377,39.0832318],[38.0609283,39.0964367],[37.962456,39.0828301],[37.9341363,39.0683176],[37.8279408,39.0897352],[37.7782577,39.0819999],[37.757543,39.0403385],[37.7836371,39.0097262],[37.7486035,38.9716563],[37.6130468,39.0147614],[37.5294869,39.0067461],[37.5108285,39.0348917],[37.4807291,39.0414378],[37.4703158,39.0210862],[37.5451215,38.9297049],[37.5352127,38.8471588],[37.5576972,38.7926114],[37.4886016,38.7194364],[37.4294355,38.7052694],[37.4108275,38.6816634],[37.4025031,38.608937],[37.3644948,38.5929695],[37.3195406,38.5970616],[37.3001507,38.5655675],[37.3118687,38.5390385],[37.2608133,38.4986444],[37.2690131,38.4742546],[37.290191,38.4680508],[37.3014839,38.4478016],[37.4692041,38.3960489],[37.5359563,38.352439],[37.5630351,38.3507928],[37.6511984,38.3043554],[37.6804636,38.2347062],[37.7319913,38.2098039],[37.7518928,38.1758584],[37.7389358,38.1525262],[37.7159768,38.1460289],[37.7162842,38.1170072],[37.6648406,38.0790741],[37.6373056,38.080084],[37.6226115,38.0670857],[37.6354184,38.0591635],[37.6211064,38.0437216],[37.5805048,38.0377703],[37.5878048,38.027752],[37.5737406,37.9908695],[37.6120289,37.938501],[37.645704,37.9537219],[37.6708451,37.9430225],[37.6912772,37.9615252],[37.6982887,37.9436159],[37.6844851,37.9107511],[37.725045,37.9116663],[37.7563297,37.9346271],[37.7667569,37.8875539],[37.8161054,37.8804582],[37.884658,37.8884296],[37.9661026,37.8665777],[38.0385581,37.8991055],[38.1508503,37.9970183],[38.1102629,38.0475722],[38.1107051,38.0654436],[38.1265822,38.0791475],[38.1717972,38.0833844],[38.1729692,38.1092858],[38.2150104,38.1483825],[38.2487897,38.1538286],[38.2600871,38.1389999],[38.3884281,38.1067722],[38.4104058,38.1109315],[38.4339305,38.134898],[38.4505997,38.1902912],[38.4922172,38.1817073],[38.5069964,38.1605009],[38.5727163,38.1362855],[38.5940205,38.0934811],[38.6202546,38.0733862],[38.7410218,38.0388524],[38.7654164,38.004803],[38.8078736,38.0029306],[38.8362722,38.0453136],[38.923263,38.0509618],[38.9922904,38.0714268],[39.0054593,38.0870293],[39.0502742,38.0827504],[39.0508148,38.130157],[39.1326539,38.1781281],[39.10654,38.2038182],[39.1388564,38.2310565],[39.1514252,38.2992522]]]}},{"type":"Feature","properties":{"il":"sanliurfa","name":"Şanlıurfa"},"geometry":{"type":"Polygon","coordinates":[[[38.9126325,37.7129402],[38.8102501,37.6935729],[38.8058315,37.6819304],[38.8532307,37.6495604],[38.7497176,37.6272123],[38.6444395,37.6208264],[38.4994355,37.4986033],[38.3830416,37.4811094],[38.3101696,37.4874974],[38.3054565,37.4725949],[38.271172,37.4757463],[38.2474349,37.4435024],[38.1990397,37.4511083],[38.1810878,37.41024],[38.1178306,37.4276909],[38.0911372,37.4488175],[38.0626414,37.4291223],[38.0376815,37.4426953],[37.9850505,37.4398224],[37.8741573,37.3426473],[37.887976,37.3266098],[37.8615401,37.3150743],[37.8408549,37.2677536],[37.882397,37.2176009],[37.8402613,37.2238914],[37.8351901,37.2066639],[37.8777621,37.1333457],[37.8666536,37.0786054],[37.9133225,37.0419383],[37.9776691,37.0535177],[37.9623912,36.9995212],[37.9780425,36.9733273],[38.0077098,36.9574212],[38.0099414,36.9169448],[38.0386045,36.8833234],[38.0241893,36.8558466],[38.0250356,36.83034],[38.0363807,36.8607418],[38.1611675,36.8987508],[38.1679546,36.9106222],[38.2141992,36.9083111],[38.2430504,36.9240017],[38.3395291,36.9000645],[38.390712,36.9023268],[38.55441,36.8448105],[38.7392713,36.7081478],[38.8906568,36.7007281],[39.0205754,36.7107218],[39.212182,36.6691026],[39.4912328,36.7003474],[39.6404607,36.7248201],[39.7128051,36.7503957],[39.8196559,36.7563917],[39.8608939,36.7786197],[40.0311682,36.8267086],[40.0622753,36.8561105],[40.1828902,36.8776922],[40.2333992,36.9114341],[40.2132582,36.9355656],[40.2384707,36.9559114],[40.1752551,36.9819268],[40.1871257,36.992754],[40.1599594,37.0171497],[40.1612567,37.0690645],[40.1277893,37.088332],[40.1355268,37.1124219],[40.1168972,37.116468],[40.1087766,37.1376896],[40.0956053,37.1353953],[40.1022767,37.1656866],[40.0802162,37.1557016],[40.0468809,37.1806998],[40.0503935,37.1887687],[40.0317963,37.1858443],[40.0190095,37.2019532],[40.0088874,37.270628],[39.9838499,37.3009149],[39.9518591,37.4034536],[39.8913479,37.4707294],[39.8939797,37.5210911],[39.8663046,37.5295625],[39.8558939,37.5625958],[39.8353712,37.5806071],[39.8286969,37.713606],[39.8444885,37.7309706],[39.7990138,37.8589128],[39.7448511,37.8566912],[39.7019394,37.8367497],[39.6753893,37.7959223],[39.6440646,37.7964233],[39.6260857,37.8021106],[39.6035297,37.8455877],[39.5867344,37.8565372],[39.5429063,37.8515275],[39.521843,37.8874615],[39.4891095,37.9096529],[39.3856692,37.932771],[39.3514498,37.9601781],[39.2696561,37.9703489],[39.2234424,37.9972289],[39.1787943,38.0060165],[39.1455627,37.9969035],[39.1332706,38.0021332],[39.1375295,38.0179549],[39.1120023,38.0179779],[39.0591654,37.9844434],[39.0248664,37.9166177],[38.9736968,37.9000874],[38.9924007,37.8851362],[38.9738656,37.8599719],[38.9766615,37.8238753],[38.9207979,37.826398],[38.8981651,37.8045723],[38.9016074,37.7916936],[38.9507782,37.8050392],[38.9645243,37.76372],[38.9053399,37.7411986],[38.9126325,37.7129402]]]}},{"type":"Feature","properties":{"il":"diyarbakir","name":"Diyarbakır"},"geometry":{"type":"Polygon","coordinates":[[[41.2893499,38.5442653],[41.2626235,38.6498243],[41.2310756,38.6545787],[41.2323686,38.668737],[41.216684,38.67941],[41.2390975,38.7231507],[41.2055488,38.7177182],[41.1876051,38.73331],[41.1648287,38.7167326],[41.1093848,38.7100312],[41.0003822,38.67062],[40.811512,38.56114],[40.7672685,38.6000714],[40.6720445,38.6012964],[40.6033615,38.5633017],[40.4984054,38.6141971],[40.4574375,38.6184369],[40.4381508,38.5993237],[40.4433296,38.5811645],[40.3543737,38.5325035],[40.3664183,38.5008432],[40.3549105,38.4891945],[40.3040214,38.4893828],[40.2606368,38.4614365],[40.2051906,38.4663823],[40.1837798,38.45537],[39.9374491,38.4733411],[39.9087254,38.4523056],[39.8606478,38.3621853],[39.8045109,38.3819471],[39.7530252,38.3526675],[39.7012685,38.339515],[39.6850265,38.3506512],[39.6594121,38.3179036],[39.5848654,38.2916736],[39.5613051,38.2511758],[39.5394564,38.2399853],[39.5388504,38.2537606],[39.4684006,38.3129],[39.4151527,38.3311069],[39.3575095,38.3275399],[39.3048711,38.3554334],[39.2327292,38.3028405],[39.1825127,38.3090641],[39.1514252,38.2992522],[39.1388564,38.2310565],[39.1076485,38.2006914],[39.1562224,38.1830506],[39.1952249,38.2068301],[39.2264891,38.2059231],[39.2567722,38.1778617],[39.2629315,38.1461335],[39.2378483,38.1214274],[39.2223263,38.0717695],[39.1594209,38.0180994],[39.1375295,38.0179549],[39.1332706,38.0021332],[39.2234424,37.9972289],[39.2696561,37.9703489],[39.3514498,37.9601781],[39.3856692,37.932771],[39.4891095,37.9096529],[39.521843,37.8874615],[39.5429063,37.8515275],[39.5867344,37.8565372],[39.6035297,37.8455877],[39.6260857,37.8021106],[39.6440646,37.7964233],[39.6753893,37.7959223],[39.7019394,37.8367497],[39.7448511,37.8566912],[39.7990138,37.8589128],[39.8444885,37.7309706],[39.8286969,37.713606],[39.8353712,37.5806071],[39.8558939,37.5625958],[39.8621776,37.5341829],[39.8939797,37.5210911],[39.8952659,37.5064402],[39.9463905,37.5371285],[39.9951303,37.5128299],[40.0189499,37.518531],[40.1226432,37.5624414],[40.2329359,37.5187796],[40.3208668,37.5217962],[40.3911182,37.5494521],[40.4435827,37.5549843],[40.4517521,37.5738571],[40.4351313,37.599469],[40.4468276,37.603916],[40.5223701,37.5927797],[40.5624147,37.5651833],[40.6741784,37.5336622],[40.6821494,37.6060271],[40.6486013,37.6557038],[40.6645833,37.7307092],[40.6751951,37.735029],[40.6826743,37.7054679],[40.7109988,37.6808894],[40.764933,37.6568453],[40.8694903,37.6374514],[40.8966389,37.6579836],[40.9574579,37.6748126],[41.0590358,37.7589665],[41.0504034,37.7814332],[41.0179885,37.775858],[41.0280588,37.7964832],[41.0127539,37.7878132],[40.9864447,37.8058397],[41.0040988,37.8542356],[41.0300437,37.8767745],[41.0170492,37.8852033],[41.0455053,37.9306019],[41.0138424,37.9538933],[41.0103272,37.9790043],[41.0576936,37.9854065],[41.122595,37.9751325],[41.1550434,37.9913683],[41.1481673,38.0066507],[41.1733142,38.0356123],[41.1767747,38.0633721],[41.2088225,38.0816432],[41.2261444,38.1967454],[41.2023409,38.2327893],[41.175092,38.2440861],[41.1872391,38.2891364],[41.174817,38.3141823],[41.1971291,38.3193269],[41.217206,38.362232],[41.239573,38.3715014],[41.2312484,38.390413],[41.2400502,38.4101379],[41.2639093,38.4161493],[41.2927426,38.4492796],[41.3337388,38.4658629],[41.3558045,38.4615614],[41.3665813,38.4832901],[41.2959514,38.5122231],[41.3109546,38.536481],[41.2893499,38.5442653]]]}},{"type":"Feature","properties":{"il":"mardin","name":"Mardin"},"geometry":{"type":"Polygon","coordinates":[[[39.9518591,37.4034536],[39.9838499,37.3009149],[40.0088874,37.270628],[40.0190095,37.2019532],[40.0317963,37.1858443],[40.0503935,37.1887687],[40.0468809,37.1806998],[40.0802162,37.1557016],[40.1022767,37.1656866],[40.0956053,37.1353953],[40.1087766,37.1376896],[40.1168972,37.116468],[40.1355268,37.1124219],[40.1277893,37.088332],[40.1612567,37.0690645],[40.1599594,37.0171497],[40.1871257,36.992754],[40.1752551,36.9819268],[40.2384707,36.9559114],[40.2132582,36.9355656],[40.2333992,36.9114341],[40.3566384,36.9628055],[40.4112502,37.0146528],[40.5309101,37.0283835],[40.6960685,37.1039552],[40.7536277,37.1101418],[40.7660288,37.1278066],[40.8122374,37.1257267],[40.8345971,37.1067978],[40.8485445,37.1223387],[40.9142844,37.1317349],[41.1061238,37.0947921],[41.1635811,37.0947431],[41.1981737,37.0802425],[41.1981582,37.0638689],[41.2180554,37.0618831],[41.265687,37.0796389],[41.5175457,37.0779472],[41.6645674,37.1183115],[41.6797084,37.1771001],[41.6661835,37.222453],[41.6413941,37.2512498],[41.5366073,37.289166],[41.5715301,37.3176602],[41.6182603,37.4311954],[41.6666013,37.417516],[41.7227581,37.4534152],[41.7247806,37.4425191],[41.7997559,37.4084837],[41.8219793,37.4033198],[41.8417445,37.4148012],[41.8406287,37.3993928],[41.8747431,37.4024804],[41.8806969,37.4115954],[41.8464737,37.4414207],[41.8603354,37.4575699],[41.8378806,37.5205327],[41.855113,37.5304384],[41.8529415,37.5513644],[41.890707,37.5544945],[41.8972301,37.5781702],[41.8738842,37.6056463],[41.8307972,37.6244113],[41.8365342,37.6373397],[41.823759,37.64589],[41.8124738,37.695317],[41.8083653,37.6717629],[41.7721926,37.6680122],[41.7286096,37.6827811],[41.6901116,37.6225511],[41.6559673,37.6302173],[41.6559673,37.5948114],[41.6436977,37.5804699],[41.6031437,37.5760358],[41.5772367,37.5442073],[41.5199689,37.5127688],[41.3999704,37.4982517],[41.3170737,37.5137713],[41.1867533,37.4958758],[41.117367,37.5596059],[41.1200211,37.6181885],[41.0834629,37.6515087],[41.0431902,37.7363747],[40.9574579,37.6748126],[40.8966389,37.6579836],[40.8694903,37.6374514],[40.764933,37.6568453],[40.7109988,37.6808894],[40.6826743,37.7054679],[40.6751951,37.735029],[40.6645833,37.7307092],[40.6486013,37.6557038],[40.6821494,37.6060271],[40.6741784,37.5336622],[40.5624147,37.5651833],[40.5223701,37.5927797],[40.4468276,37.603916],[40.4351313,37.599469],[40.4517521,37.5738571],[40.4435827,37.5549843],[40.3911182,37.5494521],[40.3208668,37.5217962],[40.2329359,37.5187796],[40.1226432,37.5624414],[40.0805414,37.5372528],[39.9951303,37.5128299],[39.9463905,37.5371285],[39.8847598,37.4908088],[39.9518591,37.4034536]]]}},{"type":"Feature","properties":{"il":"batman","name":"Batman"},"geometry":{"type":"Polygon","coordinates":[[[41.8083653,37.6717629],[41.8202283,37.7127122],[41.7747929,37.7155012],[41.77459,37.7328302],[41.7195085,37.7266294],[41.7156788,37.7079665],[41.695898,37.7280965],[41.6761309,37.7267349],[41.6646905,37.7428431],[41.7028027,37.8309828],[41.6562121,37.8773171],[41.6063433,37.8713011],[41.5900848,37.8806017],[41.5226179,37.8623029],[41.4398784,37.8971777],[41.3626647,37.9605138],[41.3634127,37.9732716],[41.4354924,38.0032576],[41.4816556,38.0396734],[41.4949645,38.0400518],[41.5222216,38.0098202],[41.5319257,38.0142312],[41.5468551,38.0610691],[41.6096829,38.0838893],[41.6074435,38.1108138],[41.643274,38.1576877],[41.6309573,38.2273069],[41.6606902,38.267337],[41.6383016,38.2973451],[41.6413327,38.3296747],[41.5889962,38.3542313],[41.6113964,38.4111666],[41.6096394,38.4414218],[41.6421006,38.455211],[41.639295,38.4727347],[41.6670847,38.4823566],[41.6640948,38.4959601],[41.5365039,38.5216031],[41.4936623,38.5509485],[41.4637437,38.5083208],[41.4155054,38.488567],[41.3850708,38.4923803],[41.3504112,38.4589362],[41.3337388,38.4658629],[41.2809094,38.4436824],[41.2639093,38.4161493],[41.2395706,38.4095778],[41.2312484,38.390413],[41.239573,38.3715014],[41.217206,38.362232],[41.1971291,38.3193269],[41.174817,38.3141823],[41.1872391,38.2891364],[41.175092,38.2440861],[41.2023409,38.2327893],[41.2261444,38.1967454],[41.2088225,38.0816432],[41.1767747,38.0633721],[41.1469684,37.9849508],[41.122595,37.9751325],[41.0576936,37.9854065],[41.0103272,37.9790043],[41.0138424,37.9538933],[41.0455053,37.9306019],[41.0170492,37.8852033],[41.0300437,37.8767745],[41.0040988,37.8542356],[40.9864447,37.8058397],[41.0127539,37.7878132],[41.0280588,37.7964832],[41.0179885,37.775858],[41.0475002,37.7822064],[41.0633146,37.7685812],[41.0431902,37.7363747],[41.0834629,37.6515087],[41.1200211,37.6181885],[41.117367,37.5596059],[41.1283717,37.5413721],[41.1867533,37.4958758],[41.3170737,37.5137713],[41.3655623,37.4998244],[41.4914641,37.504236],[41.5772367,37.5442073],[41.6031437,37.5760358],[41.6436977,37.5804699],[41.6559673,37.5948114],[41.6559673,37.6302173],[41.6901116,37.6225511],[41.7286096,37.6827811],[41.7721926,37.6680122],[41.8083653,37.6717629]]]}},{"type":"Feature","properties":{"il":"sirnak","name":"Şırnak"},"geometry":{"type":"Polygon","coordinates":[[[43.3419272,37.401767],[43.3064872,37.4902144],[43.3078773,37.5360347],[43.3958997,37.5437928],[43.4754637,37.6320128],[43.4991914,37.7417871],[43.3609592,37.7550213],[43.2110549,37.7353051],[42.908538,37.7698422],[42.8845218,37.7668903],[42.8407121,37.659676],[42.5292998,37.7266541],[42.4629746,37.7166612],[42.4219162,37.6921729],[42.39064,37.711817],[42.3625336,37.7097685],[42.3626476,37.6737614],[42.3239563,37.6604301],[42.3158829,37.6397712],[42.3022198,37.6348176],[42.2572078,37.6558543],[42.2827426,37.6056319],[42.2478818,37.5818304],[42.1536959,37.6066718],[42.1475023,37.6301986],[41.9958814,37.6257352],[41.8740465,37.6828242],[41.8124738,37.695317],[41.823759,37.64589],[41.8365342,37.6373397],[41.8307972,37.6244113],[41.8738842,37.6056463],[41.8972301,37.5781702],[41.890707,37.5544945],[41.8529415,37.5513644],[41.855113,37.5304384],[41.8378806,37.5205327],[41.8603354,37.4575699],[41.8464737,37.4414207],[41.8810567,37.4105837],[41.8590716,37.3973082],[41.8395129,37.4003474],[41.8417445,37.4148012],[41.8219793,37.4033198],[41.7997559,37.4084837],[41.7247806,37.4425191],[41.7227581,37.4534152],[41.6666013,37.417516],[41.6182603,37.4311954],[41.5715301,37.3176602],[41.5366073,37.289166],[41.6474429,37.2469321],[41.6778963,37.1933009],[41.6645674,37.1183115],[41.6942184,37.1143952],[42.0349184,37.1820479],[42.0891379,37.2079916],[42.1837353,37.2864236],[42.1965228,37.3118505],[42.2221127,37.3180603],[42.2048316,37.2805189],[42.2607846,37.2713146],[42.2841238,37.2814702],[42.2925184,37.2611411],[42.3427238,37.2324391],[42.3474349,37.213331],[42.3206053,37.1853955],[42.3555255,37.1053084],[42.3630534,37.1152802],[42.4035582,37.1131232],[42.4640588,37.1421592],[42.5788336,37.1458548],[42.6174562,37.2019327],[42.6127064,37.214627],[42.6551016,37.246285],[42.6537914,37.2666526],[42.682862,37.2708725],[42.6975793,37.2916888],[42.6879197,37.3083068],[42.7352888,37.3184959],[42.7333262,37.3362198],[42.789221,37.380245],[42.8243848,37.3710545],[42.8353479,37.3425108],[42.8513992,37.3481259],[42.959152,37.312218],[43.010143,37.332355],[43.022714,37.355927],[43.147827,37.372451],[43.1622487,37.3577042],[43.235702,37.347421],[43.250276,37.330154],[43.269248,37.328886],[43.269173,37.314408],[43.305961,37.30331],[43.3313508,37.3270843],[43.3419272,37.401767]]]}},{"type":"Feature","properties":{"il":"mus","name":"Muş"},"geometry":{"type":"Polygon","coordinates":[[[41.3665813,38.4832901],[41.4637437,38.5083208],[41.5073408,38.5642104],[41.5070915,38.5818026],[41.6006823,38.6021493],[41.6083266,38.614742],[41.7047351,38.618327],[41.7749773,38.5966915],[41.8374976,38.5979499],[41.9089614,38.5406661],[41.9541085,38.5696236],[41.936705,38.5932891],[41.9417546,38.6211984],[41.9309827,38.6343042],[42.0389342,38.6610219],[42.0369624,38.6992209],[42.0788529,38.7100235],[42.115834,38.7369915],[42.1167727,38.7631524],[42.095375,38.7566735],[42.0883183,38.7784155],[42.1121062,38.7908365],[42.1190491,38.8361548],[42.1657248,38.8442569],[42.1702989,38.8763348],[42.2621906,38.8862227],[42.2953352,38.9129441],[42.2917627,38.9294662],[42.3276858,38.9485313],[42.3777996,38.9263783],[42.4219592,38.957406],[42.4555999,38.9547823],[42.5033451,38.9230347],[42.5628243,38.9328319],[42.5847889,38.9083015],[42.5929765,38.9243015],[42.6141128,38.9202948],[42.6349273,38.9364036],[42.6591751,38.9259709],[42.673874,38.9493381],[42.710353,38.96202],[42.7000531,39.0072222],[42.6843886,39.0114741],[42.7099239,39.0776368],[42.6907188,39.0839665],[42.6929719,39.1250125],[42.7126062,39.1506438],[42.6804188,39.1541382],[42.694003,39.1659154],[42.6782421,39.1788364],[42.6861102,39.2203478],[42.6525833,39.2681648],[42.6016843,39.2765594],[42.5967051,39.2869227],[42.6249208,39.3113263],[42.5809392,39.3368241],[42.5827296,39.3607884],[42.5563396,39.3718236],[42.5411252,39.3581791],[42.5203182,39.3662008],[42.5005922,39.4218863],[42.5184622,39.4682593],[42.5112699,39.4858534],[42.4661248,39.4780818],[42.4195897,39.5346642],[42.3839604,39.537907],[42.3730061,39.5060703],[42.3406963,39.4969348],[42.3258692,39.4751585],[42.2436751,39.4494294],[42.2394944,39.4344087],[42.2124686,39.4276919],[42.2039733,39.4069428],[42.1793158,39.3943622],[42.1988715,39.35807],[42.2329288,39.3487937],[42.1984488,39.3092323],[42.1751971,39.3249038],[42.175336,39.3079183],[42.1596515,39.3057665],[42.1457388,39.283508],[42.0647445,39.2728175],[42.0504123,39.2485734],[42.0254509,39.2526023],[41.960045,39.2111532],[41.8186218,39.2089206],[41.8012056,39.1731037],[41.7324574,39.1521025],[41.7086977,39.1676845],[41.618225,39.1565667],[41.618225,39.1740044],[41.6040842,39.1834001],[41.6187637,39.2140842],[41.6166982,39.2532621],[41.5393461,39.2792727],[41.4150111,39.3534035],[41.2001023,39.3615909],[41.1675568,39.3724904],[41.14805,39.3623625],[41.1348342,39.2919127],[41.1434532,39.2568836],[41.1326794,39.2368592],[41.1772111,39.224174],[41.1901397,39.1707378],[41.2185826,39.1509116],[41.2264834,39.124505],[41.2555008,39.113583],[41.2543516,39.0915108],[41.2659873,39.0848209],[41.2487492,39.0656397],[41.2641215,39.0352805],[41.2275035,39.030111],[41.1888024,39.0038379],[41.1774931,38.9694068],[41.1200986,38.9284524],[41.1094168,38.888493],[41.1155093,38.8113431],[41.138851,38.7821127],[41.1769177,38.7659946],[41.1588377,38.7531611],[41.1656694,38.7440932],[41.2055488,38.7177182],[41.2390975,38.7231507],[41.216684,38.67941],[41.2323686,38.668737],[41.2310756,38.6545787],[41.2626235,38.6498243],[41.2740663,38.6298945],[41.2853991,38.5540825],[41.3109546,38.536481],[41.2959514,38.5122231],[41.3665813,38.4832901]]]}},{"type":"Feature","properties":{"il":"bitlis","name":"Bitlis"},"geometry":{"type":"Polygon","coordinates":[[[42.6832876,38.0304943],[42.6766638,38.0464312],[42.6904006,38.0869395],[42.663579,38.1097221],[42.6721403,38.143882],[42.7019804,38.1806117],[42.7324596,38.1893372],[42.7404156,38.2152088],[42.7037294,38.2565936],[42.6702063,38.2675066],[42.6622008,38.3130516],[42.7139138,38.3284869],[42.7743515,38.3193878],[42.7899527,38.3301656],[42.7946097,38.355186],[42.7530212,38.4675906],[42.8787426,38.5466274],[42.9287715,38.6238444],[43.0263675,38.7338524],[43.1346278,38.7826879],[43.1839392,38.8290688],[43.1991072,38.8954733],[43.1598324,38.9159018],[43.083645,38.9203727],[43.0191007,39.0129045],[42.9551522,39.0217444],[42.9241002,38.9795444],[42.9253688,38.9469963],[42.909638,38.9307798],[42.7146572,38.935095],[42.6946398,38.9576246],[42.6591751,38.9259709],[42.6349273,38.9364036],[42.6141128,38.9202948],[42.5929765,38.9243015],[42.5847889,38.9083015],[42.5628243,38.9328319],[42.5033451,38.9230347],[42.4555999,38.9547823],[42.4219592,38.957406],[42.3777996,38.9263783],[42.3164723,38.945367],[42.2621906,38.8862227],[42.1702989,38.8763348],[42.1657248,38.8442569],[42.1190491,38.8361548],[42.1121062,38.7908365],[42.0883183,38.7784155],[42.095375,38.7566735],[42.1167727,38.7631524],[42.115834,38.7369915],[42.0788529,38.7100235],[42.0369624,38.6992209],[42.0389342,38.6610219],[41.9309827,38.6343042],[41.9417546,38.6211984],[41.936705,38.5932891],[41.9541085,38.5696236],[41.9089614,38.5406661],[41.8427908,38.5965048],[41.7749773,38.5966915],[41.7047351,38.618327],[41.6083266,38.614742],[41.6006823,38.6021493],[41.5174216,38.587778],[41.4936623,38.5588652],[41.5365039,38.5216031],[41.5631416,38.5243489],[41.6654783,38.4937577],[41.6670847,38.4823566],[41.639295,38.4727347],[41.6421006,38.455211],[41.6096394,38.4414218],[41.6113964,38.4111666],[41.5889962,38.3542313],[41.6413327,38.3296747],[41.6383016,38.2973451],[41.6828224,38.2436999],[41.785283,38.235676],[41.8240244,38.2028061],[41.9313513,38.185063],[41.9703071,38.1577338],[41.976486,38.1685454],[42.0407329,38.1730673],[42.1162845,38.2167347],[42.2459616,38.232564],[42.2363234,38.1802386],[42.2870706,38.1193931],[42.3314529,38.109953],[42.3896785,38.1273519],[42.3718036,38.1047533],[42.3748166,38.0888374],[42.4887225,38.0433337],[42.5344355,37.9940414],[42.581749,37.976861],[42.6140569,37.9811463],[42.654682,37.9990488],[42.6542178,38.0166553],[42.6832876,38.0304943]]]}},{"type":"Feature","properties":{"il":"van","name":"Van"},"geometry":{"type":"Polygon","coordinates":[[[42.7360479,37.9990545],[42.7463469,37.9402153],[42.770236,37.9360233],[42.8044711,37.891668],[42.8845218,37.7668903],[42.967712,37.7553291],[43.2110549,37.7353051],[43.3609592,37.7550213],[43.5345149,37.742301],[43.6782142,37.7728367],[43.8454205,37.7516703],[44.0537531,37.8105835],[44.0891009,37.7806743],[44.0819786,37.7395889],[44.1028402,37.7203014],[44.1320937,37.7335281],[44.2119205,37.7298594],[44.3111098,37.7772804],[44.3507458,37.7787322],[44.4215712,37.8043708],[44.3934623,37.8240503],[44.40508,37.846265],[44.389074,37.862054],[44.3193365,37.8770837],[44.2628325,37.8681025],[44.2227458,37.8882392],[44.232465,37.9002434],[44.2243172,37.9070057],[44.251232,37.9433704],[44.2407127,37.9650564],[44.2745049,38.0160998],[44.3013231,38.0325345],[44.3293645,38.098353],[44.3645086,38.1039085],[44.3511809,38.1349942],[44.3926934,38.1464431],[44.4117396,38.2195101],[44.4022685,38.2520003],[44.492951,38.3036964],[44.4975509,38.3337116],[44.5125314,38.3412598],[44.4954973,38.3437118],[44.4904477,38.3578647],[44.4627198,38.3594066],[44.4493712,38.3854921],[44.3796451,38.3585915],[44.3619279,38.3752561],[44.3194361,38.3728423],[44.299987,38.3941676],[44.3198318,38.4086056],[44.3019383,38.4472285],[44.3254601,38.502081],[44.3093356,38.5302464],[44.3249447,38.5774874],[44.3216199,38.6240924],[44.2721185,38.6462477],[44.2826414,38.674969],[44.2540673,38.718334],[44.2801473,38.7329247],[44.292505,38.7641949],[44.2864982,38.7831041],[44.3148195,38.8087951],[44.2950267,38.8263251],[44.3009879,38.8408017],[44.27748,38.8542313],[44.245308,38.8506821],[44.2454553,38.8702175],[44.2113518,38.8905571],[44.2184225,38.9174946],[44.1897152,38.9340273],[44.2002417,38.9480087],[44.1802595,38.9560676],[44.1914252,38.9746819],[44.1718729,38.9924328],[44.1809525,39.0106834],[44.2114977,39.0204983],[44.1947723,39.0405005],[44.205512,39.0554679],[44.1909206,39.0766185],[44.2257876,39.0962523],[44.2075924,39.1140854],[44.2135655,39.1303045],[44.1779327,39.1697597],[44.0972566,39.2044917],[44.1032307,39.2425733],[44.0843065,39.2560217],[44.1080596,39.2842966],[44.0812513,39.2941275],[44.0797056,39.3249882],[44.0565238,39.3554892],[43.9829634,39.3709684],[43.9098386,39.3492469],[43.8527536,39.3198597],[43.7345317,39.2004619],[43.7108514,39.1984627],[43.6440875,39.2003281],[43.5772951,39.249237],[43.5127363,39.3198977],[43.4335322,39.3555325],[43.3110194,39.3658379],[43.2162343,39.3311636],[43.1630682,39.2363765],[43.1482304,39.180317],[43.0808181,39.1456949],[42.9998658,39.0708082],[43.0106334,39.0425461],[43.0007683,39.0188218],[43.035294,39.0016003],[43.083645,38.9203727],[43.1598324,38.9159018],[43.1991072,38.8954733],[43.1839392,38.8290688],[43.1346278,38.7826879],[43.0263675,38.7338524],[42.9287715,38.6238444],[42.8787426,38.5466274],[42.7530212,38.4675906],[42.7946097,38.355186],[42.7825014,38.3224934],[42.7139138,38.3284869],[42.6622008,38.3130516],[42.6702063,38.2675066],[42.7037294,38.2565936],[42.7404156,38.2152088],[42.7324596,38.1893372],[42.7019804,38.1806117],[42.6721403,38.143882],[42.663579,38.1097221],[42.6904006,38.0869395],[42.6786187,38.0387346],[42.7360479,37.9990545]]]}},{"type":"Feature","properties":{"il":"elazig","name":"Elâzığ"},"geometry":{"type":"Polygon","coordinates":[[[38.867576,38.3935788],[38.8902424,38.3581649],[38.9176505,38.3556887],[38.9677752,38.3188946],[39.1062794,38.3478962],[39.1514252,38.2992522],[39.1825127,38.3090641],[39.2327292,38.3028405],[39.3125362,38.3556865],[39.3575095,38.3275399],[39.4151527,38.3311069],[39.4684006,38.3129],[39.5388504,38.2537606],[39.5394564,38.2399853],[39.5613051,38.2511758],[39.5848654,38.2916736],[39.6594121,38.3179036],[39.6850265,38.3506512],[39.7012685,38.339515],[39.7530252,38.3526675],[39.8045109,38.3819471],[39.8606478,38.3621853],[39.9087254,38.4523056],[39.9374491,38.4733411],[40.1837798,38.45537],[40.290651,38.4743474],[40.2634045,38.4950746],[40.2328252,38.5516435],[40.1106011,38.6167865],[40.0915332,38.6506245],[40.1687479,38.6753263],[40.2097673,38.7042613],[40.2290549,38.738362],[40.2873999,38.7384417],[40.3333669,38.7708023],[40.3296396,38.7974821],[40.2968271,38.8272987],[40.2358359,38.836696],[40.2359442,38.8593497],[40.2639413,38.8650894],[40.2240265,38.892474],[40.2145195,38.9357135],[40.1801646,38.973329],[40.2192184,39.0173952],[40.2132922,39.0346508],[40.241779,39.0703558],[40.2410418,39.0872858],[40.2757091,39.1223024],[40.302096,39.131539],[40.3010279,39.1489636],[40.2733081,39.1809891],[40.223373,39.1912361],[40.102323,39.1516901],[40.0858676,39.1283435],[40.0544705,39.1252009],[40.058925,39.118221],[40.024162,39.0953127],[39.9092977,39.0971918],[39.8631273,39.0536877],[39.901985,39.0086075],[39.8677662,38.9394116],[39.8741974,38.9160902],[39.8419092,38.8966264],[39.8477932,38.8808796],[39.8280204,38.8792598],[39.7979031,38.8482293],[39.7983838,38.8210601],[39.7181147,38.8339561],[39.6939103,38.8200204],[39.7036561,38.8003177],[39.6849483,38.7993203],[39.6457158,38.8176149],[39.5968486,38.8115281],[39.5833767,38.8251436],[39.5476143,38.808626],[39.5311776,38.8175198],[39.5066731,38.7876103],[39.5086205,38.7686337],[39.4837427,38.7631676],[39.4481694,38.7709183],[39.4367549,38.7861188],[39.3936006,38.7731696],[39.3708266,38.8045496],[39.3108215,38.8181687],[39.2645532,38.8438334],[39.2608185,38.8584358],[39.1080476,38.8726038],[39.0702665,38.8895488],[38.9156614,38.8938643],[38.8127745,38.8748238],[38.7685831,38.8828409],[38.7401263,38.9033086],[38.7816615,38.952888],[38.7902756,38.9828871],[38.7822185,38.9965062],[38.7549,39.0241152],[38.7238779,39.0133341],[38.688528,39.0311177],[38.6668083,39.0215127],[38.6503517,38.9936403],[38.5975353,38.9711388],[38.5991677,38.9471191],[38.569996,38.9226964],[38.6474195,38.8202114],[38.653593,38.7960623],[38.627254,38.77431],[38.6454501,38.7564414],[38.6248406,38.7442356],[38.5332163,38.7651188],[38.5090507,38.7479844],[38.4712138,38.7502164],[38.4672085,38.6970594],[38.4124954,38.6842961],[38.3658035,38.6324196],[38.3573921,38.5517824],[38.4685975,38.474829],[38.5661085,38.4609359],[38.5866545,38.4445478],[38.7141646,38.4151137],[38.813149,38.4435089],[38.8337801,38.4319105],[38.8344346,38.4097645],[38.867576,38.3935788]]]}},{"type":"Feature","properties":{"il":"bingol","name":"Bingöl İli"},"geometry":{"type":"Polygon","coordinates":[[[41.0003822,38.67062],[41.1093848,38.7100312],[41.1648287,38.7167326],[41.1876051,38.73331],[41.1588377,38.7531611],[41.1769177,38.7659946],[41.138851,38.7821127],[41.1155093,38.8113431],[41.1094168,38.888493],[41.1200986,38.9284524],[41.1774931,38.9694068],[41.1888024,39.0038379],[41.2275035,39.030111],[41.2641215,39.0352805],[41.2487492,39.0656397],[41.2659873,39.0848209],[41.2543516,39.0915108],[41.2555008,39.113583],[41.2264834,39.124505],[41.2185826,39.1509116],[41.1901397,39.1707378],[41.1772111,39.224174],[41.1326794,39.2368592],[41.1434532,39.2568836],[41.1398619,39.3435903],[41.1829113,39.3871803],[41.1792795,39.4047393],[41.1289233,39.4324112],[41.0988204,39.4341198],[41.0939622,39.4192723],[41.061222,39.4261254],[41.0504495,39.4527155],[41.002501,39.4740782],[40.9828569,39.4703279],[40.9818008,39.4563036],[40.909129,39.4565825],[40.8019654,39.4255744],[40.7316972,39.4220017],[40.7131497,39.4076649],[40.6791917,39.4136246],[40.6472175,39.4217199],[40.6322204,39.4421133],[40.5739218,39.4525524],[40.59082,39.4642946],[40.5897638,39.4965752],[40.6096191,39.4983682],[40.6340048,39.527561],[40.5443677,39.5298676],[40.4487198,39.5110894],[40.417334,39.5318538],[40.4038294,39.5650207],[40.2820723,39.494102],[40.2902988,39.4451324],[40.2371868,39.3677787],[40.1558362,39.3467985],[40.1152437,39.3016668],[40.0421818,39.32242],[40.0215408,39.3100962],[40.0302655,39.2699964],[39.9924795,39.2388163],[39.9819373,39.2080202],[39.9440852,39.1897676],[39.9522873,39.1216853],[39.9345616,39.1007674],[39.9513549,39.0891951],[40.024162,39.0953127],[40.058925,39.118221],[40.0544705,39.1252009],[40.0858676,39.1283435],[40.102323,39.1516901],[40.223373,39.1912361],[40.2733081,39.1809891],[40.3010279,39.1489636],[40.302096,39.131539],[40.2757091,39.1223024],[40.2410418,39.0872858],[40.241779,39.0703558],[40.2132922,39.0346508],[40.2192184,39.0173952],[40.1801646,38.973329],[40.2145195,38.9357135],[40.2240265,38.892474],[40.2639413,38.8650894],[40.2359442,38.8593497],[40.2358359,38.836696],[40.2968271,38.8272987],[40.3296396,38.7974821],[40.3333669,38.7708023],[40.2873999,38.7384417],[40.2290549,38.738362],[40.2097673,38.7042613],[40.1687479,38.6753263],[40.0915332,38.6506245],[40.1106011,38.6167865],[40.2328252,38.5516435],[40.2634045,38.4950746],[40.2935596,38.4767007],[40.3040214,38.4893828],[40.3549105,38.4891945],[40.3664183,38.5008432],[40.3543737,38.5325035],[40.4433296,38.5811645],[40.4381508,38.5993237],[40.4574375,38.6184369],[40.4984054,38.6141971],[40.6033615,38.5633017],[40.6720445,38.6012964],[40.7672685,38.6000714],[40.811512,38.56114],[41.0003822,38.67062]]]}},{"type":"Feature","properties":{"il":"erzincan","name":"Erzincan"},"geometry":{"type":"Polygon","coordinates":[[[38.3889442,39.9179738],[38.4067309,39.8708404],[38.4315644,39.8587824],[38.4514507,39.8266596],[38.4029307,39.7804951],[38.3566005,39.7638384],[38.3630287,39.7315259],[38.3520401,39.7024711],[38.3104793,39.6467319],[38.3479056,39.5878372],[38.2772508,39.5347747],[38.3000848,39.4912283],[38.3787472,39.4447919],[38.3952021,39.4186126],[38.3921476,39.4048511],[38.3663583,39.3943098],[38.3806063,39.3716909],[38.3396917,39.3716779],[38.3306448,39.3587373],[38.3299137,39.3391043],[38.3658151,39.3036467],[38.367868,39.2514933],[38.3242273,39.1527896],[38.388764,39.1153751],[38.4996022,39.1430157],[38.5376046,39.120907],[38.5980882,39.1130314],[38.6497092,39.0588124],[38.7238779,39.0133341],[38.7549,39.0241152],[38.7448193,39.1086968],[38.7319234,39.1286405],[38.7590229,39.1459705],[38.7734802,39.175205],[38.7697017,39.1855034],[38.751811,39.183942],[38.7487053,39.204053],[38.8847459,39.2259285],[38.9259593,39.2393598],[38.9425356,39.2579082],[38.8599162,39.2848618],[38.7947093,39.2856564],[38.785901,39.3012196],[38.7977991,39.3363748],[38.8316387,39.3531382],[38.9062466,39.3250319],[38.933529,39.3242405],[38.9553549,39.3524626],[38.9802501,39.3382211],[39.0435602,39.384147],[39.0750096,39.4529127],[39.1227697,39.4682673],[39.1969884,39.4676192],[39.2759088,39.4892637],[39.298496,39.4544365],[39.3299273,39.4583446],[39.4285442,39.5015735],[39.4933597,39.5000187],[39.5568382,39.5232459],[39.5363525,39.4902093],[39.5423975,39.4734907],[39.5714469,39.4447097],[39.6140975,39.4467844],[39.8053785,39.5271417],[39.7887914,39.5791542],[39.8019051,39.6149985],[39.873122,39.5891241],[40.0645019,39.5504844],[40.1718408,39.5802209],[40.2410942,39.5698239],[40.3721681,39.5888842],[40.4001383,39.5722157],[40.4250888,39.523037],[40.4487198,39.5110894],[40.5443677,39.5298676],[40.755878,39.5269204],[40.743033,39.5591704],[40.701511,39.5577885],[40.6531302,39.5964472],[40.6797698,39.6303063],[40.6799486,39.6607528],[40.5666018,39.7308753],[40.5393682,39.7652222],[40.5260653,39.7940227],[40.5319869,39.807776],[40.5550877,39.810605],[40.5697455,39.8496832],[40.5443985,39.8437254],[40.5204944,39.8843508],[40.3926394,39.9162125],[40.3644374,39.9350292],[40.2897692,39.9254915],[40.2460417,39.9603341],[40.2586041,39.984378],[40.2976408,40.010299],[40.3010958,40.0322798],[40.2439796,40.0257428],[40.1740587,40.0377795],[40.1406239,40.0288616],[40.1175444,40.0465547],[40.1125085,40.0761023],[40.095966,40.0829892],[40.0613592,40.0830928],[39.9179058,40.0363658],[39.8476209,39.9620244],[39.8103384,39.9416806],[39.804707,39.9307085],[39.8167176,39.9194755],[39.798187,39.8970799],[39.6943284,39.8860244],[39.6421829,39.8619321],[39.6134962,39.897523],[39.5589335,39.8855779],[39.5973534,39.8361941],[39.5434235,39.8409177],[39.5407577,39.8665769],[39.5243601,39.8792265],[39.4693936,39.8589893],[39.2941257,39.8930112],[39.2715694,39.9217963],[39.140538,39.9493117],[39.1228408,39.967062],[39.1262045,39.9862421],[39.0891684,40.00984],[38.9570477,40.0557747],[38.917369,40.0443846],[38.8749474,40.0607399],[38.8429597,40.0520916],[38.7692043,40.0668479],[38.7629604,40.0149431],[38.7161432,39.9878307],[38.6866533,40.0098727],[38.6434033,40.0030303],[38.5499283,39.9567773],[38.4581408,39.9857334],[38.3889442,39.9179738]]]}},{"type":"Feature","properties":{"il":"bayburt","name":"Bayburt"},"geometry":{"type":"Polygon","coordinates":[[[40.5738865,40.5554551],[40.5046458,40.5160397],[40.4762464,40.528455],[40.4096246,40.5135382],[40.3685331,40.5222326],[40.2773462,40.5146075],[40.2548893,40.5195664],[40.2426839,40.5585802],[40.2062487,40.5505916],[40.1830498,40.5683545],[40.1271772,40.5374654],[40.1033255,40.5414648],[40.0686257,40.5025351],[40.0129674,40.5009743],[39.9209269,40.4760931],[39.8872898,40.445044],[39.8172463,40.3127054],[39.802039,40.3063676],[39.8492082,40.2766316],[39.8537239,40.2171077],[39.836375,40.1931843],[39.7499709,40.1544644],[39.6630441,40.096799],[39.6908272,40.0024211],[39.804707,39.9307085],[39.9179058,40.0363658],[40.0613592,40.0830928],[40.1125085,40.0761023],[40.1175444,40.0465547],[40.1406239,40.0288616],[40.1740587,40.0377795],[40.2439796,40.0257428],[40.3506979,40.0475902],[40.45255,40.0250692],[40.4894172,40.0342305],[40.5073735,40.0503945],[40.5074882,40.0755625],[40.5421284,40.095304],[40.6491342,40.11132],[40.6693258,40.1409505],[40.711135,40.1526826],[40.6675433,40.1878637],[40.6935024,40.2022677],[40.6936584,40.2268925],[40.6397596,40.2124805],[40.5974617,40.2362974],[40.5835289,40.2590015],[40.5433325,40.2525205],[40.4997393,40.2719616],[40.5375753,40.2995063],[40.4839222,40.3621155],[40.5038317,40.3740576],[40.5775688,40.3547191],[40.6053006,40.3759432],[40.5755501,40.4047185],[40.5400448,40.4017026],[40.5549977,40.4194717],[40.5467656,40.4375733],[40.5649741,40.4889888],[40.5948477,40.5137478],[40.5738865,40.5554551]]]}},{"type":"Feature","properties":{"il":"trabzon","name":"Trabzon"},"geometry":{"type":"Polygon","coordinates":[[[40.1033255,40.5414648],[40.1271772,40.5374654],[40.1830498,40.5683545],[40.2062487,40.5505916],[40.2426839,40.5585802],[40.2548893,40.5195664],[40.2773462,40.5146075],[40.3685331,40.5222326],[40.4096246,40.5135382],[40.4762464,40.528455],[40.4649154,40.5831287],[40.4411459,40.5994702],[40.4369865,40.6219741],[40.4801564,40.6632153],[40.5074515,40.7146281],[40.4805704,40.7365957],[40.442027,40.7316716],[40.4185741,40.7446412],[40.4326479,40.7792247],[40.4186392,40.8050935],[40.451195,40.8397925],[40.4771088,40.8484232],[40.418783,40.9047332],[40.3987474,40.9614956],[40.3529466,40.9669926],[40.1516455,41.14],[40.1253535,41.147],[39.9522912,41.162],[39.8546392,41.195],[39.7062787,41.211],[39.6116521,41.268],[39.4682699,41.303],[39.3643326,41.302],[39.2614483,41.27],[39.1668331,41.279],[39.1824983,41.0675774],[39.1550262,41.0397947],[39.1544877,41.0074188],[39.1354749,40.9879632],[39.1497785,40.9547336],[39.1413126,40.905622],[39.1535067,40.8804957],[39.1419026,40.8697881],[39.1441732,40.846136],[39.1233252,40.8270892],[39.1474532,40.7309173],[39.197594,40.7518117],[39.2076222,40.733292],[39.2414672,40.7220114],[39.3293703,40.7236739],[39.3408087,40.6912473],[39.378571,40.6653422],[39.41696,40.6583295],[39.4340393,40.6269414],[39.5646247,40.6001309],[39.6145148,40.6265846],[39.7115373,40.6216372],[39.7487668,40.6552151],[39.7696143,40.7241982],[39.8166976,40.727987],[39.8326994,40.7452436],[39.8555905,40.725287],[39.8238013,40.6730558],[39.8423534,40.6114968],[39.9184671,40.6060153],[39.9194699,40.5588717],[39.9671348,40.5288506],[39.9846841,40.5475223],[40.0348851,40.5640162],[40.0019546,40.5812765],[40.0090723,40.5989173],[39.9960734,40.6107317],[39.9911784,40.6468478],[40.0396035,40.6512125],[40.0558462,40.6251776],[40.0774195,40.6320157],[40.0902083,40.6098206],[40.0752026,40.5844295],[40.1033255,40.5414648]]]}},{"type":"Feature","properties":{"il":"artvin","name":"Artvin"},"geometry":{"type":"Polygon","coordinates":[[[41.245238,40.979704],[41.2166949,40.9314495],[41.2159921,40.9081451],[41.1513405,40.8665123],[41.1293315,40.8256779],[41.1627163,40.8093387],[41.2180492,40.8384253],[41.2319639,40.8272493],[41.2018585,40.8092854],[41.2177633,40.8042171],[41.2404619,40.7625038],[41.3069743,40.7602412],[41.3782151,40.7138595],[41.3408264,40.6899774],[41.2910122,40.681883],[41.3018941,40.641939],[41.3153957,40.6359497],[41.3171577,40.5572232],[41.4114171,40.5694158],[41.4752421,40.6317962],[41.5198423,40.6447628],[41.5766776,40.6904299],[41.6516638,40.6886448],[41.7081969,40.6690812],[41.7235704,40.6855512],[41.7648596,40.662469],[41.7975837,40.6666642],[41.8195844,40.7563474],[41.8303756,40.7480953],[41.8443624,40.7594339],[41.8735126,40.8059189],[41.8691949,40.8341997],[41.8363237,40.8595008],[41.8495999,40.8946649],[41.88928,40.9163427],[41.8986159,40.9381203],[41.9307785,40.9338864],[41.9651282,40.9804049],[42.0055983,40.9907862],[42.0214117,40.9747069],[42.075515,40.9874866],[42.077389,40.9755789],[42.1211174,40.9642587],[42.168194,40.979617],[42.2184816,40.9730141],[42.2303155,40.9449955],[42.2771729,40.9228176],[42.3177564,40.9378744],[42.3388563,40.9320536],[42.3626239,40.9553273],[42.3763413,40.9950234],[42.3579362,41.0787422],[42.5129021,41.1825704],[42.5701639,41.2600522],[42.591089,41.3492056],[42.5200423,41.4075304],[42.520234,41.436706],[42.448301,41.438447],[42.399614,41.466751],[42.329555,41.467906],[42.284952,41.492769],[42.205382,41.490924],[42.17823,41.514602],[42.08479,41.510166],[42.04066,41.493946],[41.99448,41.504775],[41.984769,41.521973],[41.955316,41.5233],[41.911428,41.499309],[41.881394,41.460353],[41.823607,41.430572],[41.78688,41.461247],[41.707818,41.474495],[41.709758,41.496232],[41.666903,41.482684],[41.635406,41.486733],[41.576302,41.518317],[41.2994398,41.612],[41.2310538,41.554],[41.0363073,41.462],[41.2462108,41.3235292],[41.2871606,41.2498575],[41.3341691,41.2157105],[41.3437845,41.1724991],[41.373966,41.1344897],[41.362319,41.0743783],[41.3202872,41.0288452],[41.3212793,41.0158401],[41.245238,40.979704]]]}},{"type":"Feature","properties":{"il":"giresun","name":"Giresun"},"geometry":{"type":"Polygon","coordinates":[[[38.4468021,40.1630186],[38.4531129,40.1426009],[38.4319531,40.1264299],[38.4005515,40.1501555],[38.3757395,40.1473216],[38.3248231,40.1690304],[38.3267859,40.1798618],[38.2990775,40.1917511],[38.1596377,40.2180913],[38.1692659,40.2373738],[38.190092,40.2370283],[38.197658,40.2508629],[38.184304,40.2613289],[38.1838864,40.2971326],[38.1423226,40.3436976],[38.1611665,40.3564905],[38.1491603,40.3851957],[38.1769542,40.4354813],[38.1758895,40.4782472],[38.1419585,40.5132037],[38.0742105,40.5228075],[38.066339,40.5862193],[38.0289497,40.6105632],[38.048506,40.6525108],[37.9930682,40.6758714],[37.9963379,40.6895169],[37.9709669,40.7115256],[37.9603505,40.7467136],[37.9807338,40.7470952],[38.0007151,40.770889],[38.0249913,40.7709703],[38.0372229,40.7840131],[38.0089307,40.8048308],[38.0159698,40.8173274],[37.9939103,40.8434581],[38.0127749,40.8702891],[38.0841797,40.9083563],[38.1154713,40.9535154],[38.1679404,41.156],[38.3902063,41.128],[38.4585657,41.13],[38.5379633,41.162],[38.6570751,41.173],[38.8633257,41.236],[39.001487,41.238],[39.0796287,41.269],[39.1668331,41.279],[39.1824983,41.0675774],[39.1550262,41.0397947],[39.1544877,41.0074188],[39.1354749,40.9879632],[39.1497785,40.9547336],[39.1413126,40.905622],[39.1535067,40.8804957],[39.1419026,40.8697881],[39.1441732,40.846136],[39.1233252,40.8270892],[39.1358516,40.8059249],[39.0693858,40.7781095],[38.9515593,40.7581837],[38.9230122,40.7313863],[38.8957853,40.7286002],[38.9150034,40.684432],[38.9068518,40.6613145],[38.8509752,40.6650947],[38.8273913,40.6144836],[38.7978057,40.5939193],[38.7991805,40.5724404],[38.756141,40.5573943],[38.7437205,40.5392495],[38.7580299,40.5056869],[38.8295438,40.4903033],[38.8649845,40.5025064],[38.8772018,40.4934686],[38.874702,40.4736406],[38.9525523,40.4664413],[39.0273141,40.3860603],[39.0696849,40.3784936],[39.0747478,40.361089],[39.0045835,40.3350078],[38.9483856,40.2581133],[38.9038457,40.2387901],[38.9085726,40.2251994],[38.8813351,40.1951192],[38.8821644,40.1497667],[38.9055405,40.1472164],[38.9576182,40.0970153],[38.9444952,40.0512065],[38.917369,40.0443846],[38.8749474,40.0607399],[38.8429597,40.0520916],[38.7670052,40.0685043],[38.7542198,40.104501],[38.7162685,40.0897864],[38.6202496,40.1112024],[38.5736584,40.0970056],[38.5237442,40.1561685],[38.4468021,40.1630186]]]}},{"type":"Feature","properties":{"il":"ordu","name":"Ordu"},"geometry":{"type":"Polygon","coordinates":[[[36.8407347,40.7120804],[36.8662126,40.7046123],[36.9427239,40.7196839],[36.9940851,40.686089],[37.106879,40.721658],[37.1870258,40.7310666],[37.2032353,40.6788114],[37.2381701,40.6671979],[37.2277351,40.656787],[37.2447488,40.642932],[37.241587,40.6128892],[37.3404622,40.5990599],[37.366907,40.5851042],[37.3754474,40.5551777],[37.3933965,40.5439936],[37.4168206,40.543487],[37.4422408,40.5652486],[37.5178433,40.5321159],[37.6129797,40.5487939],[37.6022404,40.5222678],[37.6219291,40.5257447],[37.6134899,40.5054847],[37.6280211,40.4990197],[37.6090001,40.4791511],[37.6137605,40.4578872],[37.6375561,40.4567376],[37.6358061,40.4345833],[37.6609809,40.4201457],[37.6653888,40.4109411],[37.6440868,40.3861683],[37.6756167,40.3732942],[37.6731473,40.3555665],[37.6945147,40.3311928],[37.7584937,40.3334801],[37.7561592,40.392849],[37.8063702,40.3799249],[37.8432549,40.3410765],[37.8924525,40.3755082],[37.932055,40.4295367],[37.9450979,40.4801703],[37.971563,40.4636808],[38.0691064,40.5611974],[38.066339,40.5862193],[38.0289497,40.6105632],[38.048506,40.6525108],[37.9930682,40.6758714],[37.9963379,40.6895169],[37.9709669,40.7115256],[37.9603505,40.7467136],[37.9807338,40.7470952],[38.0007151,40.770889],[38.0249913,40.7709703],[38.0372229,40.7840131],[38.0089307,40.8048308],[38.0159698,40.8173274],[37.9939103,40.8434581],[38.0127749,40.8702891],[38.0841797,40.9083563],[38.1154713,40.9535154],[38.1679404,41.156],[38.0397024,41.178],[37.9698883,41.261],[37.8566159,41.309],[37.6551605,41.334],[37.5776611,41.319],[37.5049835,41.286],[37.3757606,41.334],[37.2633749,41.346],[37.1579179,41.1371205],[37.1578305,41.1172518],[37.1205896,41.0957955],[37.0870643,41.0950514],[37.0725056,41.1068],[37.01662,41.1019184],[36.988962,41.0856617],[36.9843701,41.0586387],[36.9599558,41.0657786],[36.9541848,41.0409483],[36.9816648,41.0220179],[36.9402151,40.9809445],[36.9143033,40.9761199],[36.9246209,40.9463703],[36.9149819,40.934983],[36.8944974,40.959337],[36.884751,40.9470277],[36.8513978,40.9445948],[36.8519706,40.9195737],[36.7809935,40.9295675],[36.7591744,40.9137498],[36.7123475,40.9091938],[36.68241,40.886852],[36.7125932,40.8394149],[36.7696262,40.8311759],[36.7776361,40.8008443],[36.8508867,40.7667095],[36.8564444,40.7424856],[36.8407347,40.7120804]]]}},{"type":"Feature","properties":{"il":"samsun","name":"Samsun"},"geometry":{"type":"Polygon","coordinates":[[[35.586612,41.837],[35.4575047,41.7303476],[35.3854436,41.6503873],[35.3596642,41.6386668],[35.3553892,41.6167487],[35.3358932,41.6036353],[35.3452523,41.5937469],[35.3146409,41.5918516],[35.3351405,41.554178],[35.3601565,41.5385165],[35.3695851,41.4813433],[35.434314,41.4526071],[35.4469967,41.4105908],[35.4356714,41.3968352],[35.4782086,41.3404291],[35.4375893,41.3138837],[35.3827141,41.3439085],[35.3588432,41.3425542],[35.3563463,41.3192287],[35.4041698,41.2676627],[35.3177715,41.2335963],[35.1915937,41.2670497],[35.1951986,41.3047151],[35.149594,41.3228623],[35.1303601,41.3613293],[35.0752722,41.3291644],[35.0516744,41.3260168],[35.0135906,41.3446087],[34.9462161,41.3268331],[34.9287758,41.3120699],[34.9276427,41.2796981],[34.8875428,41.2725216],[34.8786647,41.2569244],[34.9269964,41.2235438],[34.9325542,41.1965781],[34.9586547,41.1961811],[34.9618557,41.1656559],[34.9841221,41.1435937],[34.9230816,41.0962931],[34.950967,41.0963305],[34.961654,41.092547],[34.9536407,41.0822462],[34.9708363,41.0799305],[35.2106349,41.0759495],[35.2676012,41.0332085],[35.2961536,41.0423825],[35.3396469,41.0360839],[35.3582869,41.0053319],[35.4461684,41.0203347],[35.4773797,40.973847],[35.5016308,40.9595511],[35.6266992,40.9366369],[35.643938,40.9148638],[35.6344971,40.8955238],[35.6638322,40.8966087],[35.6745966,40.8693133],[35.6845996,40.8769513],[35.6946066,40.8637095],[35.7142324,40.8665154],[35.7337599,40.8798234],[35.7665618,40.8682853],[35.7889422,40.8863221],[35.806024,40.871797],[35.864421,40.869966],[36.0186727,40.8219504],[36.0828294,40.8446445],[36.0999873,40.8921902],[36.1294773,40.902319],[36.1618638,40.8907672],[36.1998239,40.9811381],[36.2157096,40.9744716],[36.225369,40.9859234],[36.2354257,40.9765114],[36.3412329,40.9753083],[36.3508496,40.9408194],[36.3788942,40.9410967],[36.3978356,40.9177224],[36.4105074,40.8927621],[36.4013317,40.8626188],[36.4486954,40.8699524],[36.4513473,40.8816302],[36.5194186,40.8789903],[36.5978529,40.9085181],[36.6147279,40.8933348],[36.6402235,40.9098219],[36.6844064,40.8865588],[36.7123475,40.9091938],[36.7591744,40.9137498],[36.7809935,40.9295675],[36.8519706,40.9195737],[36.8513978,40.9445948],[36.884751,40.9470277],[36.8944974,40.959337],[36.9149819,40.934983],[36.9246209,40.9463703],[36.9143033,40.9761199],[36.9402151,40.9809445],[36.9816648,41.0220179],[36.9541848,41.0409483],[36.9599558,41.0657786],[36.9843701,41.0586387],[36.988962,41.0856617],[37.01662,41.1019184],[37.0725056,41.1068],[37.0870643,41.0950514],[37.1205896,41.0957955],[37.1578305,41.1172518],[37.1579179,41.1371205],[37.2633749,41.346],[37.1832978,41.429],[37.0159223,41.508],[36.7226948,41.578],[36.5740517,41.575],[36.4252968,41.51],[36.3991164,41.532],[36.367797,41.69],[36.2986454,41.781],[36.2179212,41.846],[36.0566745,41.922],[35.9648204,41.935],[35.8876711,41.928],[35.586612,41.837]]]}},{"type":"Feature","properties":{"il":"amasya","name":"Amasya"},"geometry":{"type":"Polygon","coordinates":[[[35.3399519,40.2550786],[35.3472284,40.2365534],[35.3623573,40.2330084],[35.4325569,40.2427259],[35.5217415,40.3105135],[35.7084469,40.3641556],[35.7388242,40.4261143],[35.8057686,40.4245388],[35.832782,40.4697193],[35.8266149,40.4972796],[35.9776553,40.5014782],[36.017269,40.484542],[36.0139618,40.4679814],[36.1068423,40.4413691],[36.138061,40.4730751],[36.2376975,40.501483],[36.2928296,40.5454163],[36.2849545,40.5628586],[36.2976594,40.5803931],[36.3986773,40.6757843],[36.3969527,40.7328425],[36.4466007,40.7605619],[36.5122462,40.7704818],[36.4822529,40.7745552],[36.4153869,40.8126561],[36.4110293,40.8384207],[36.4269888,40.8653593],[36.3960154,40.8647624],[36.4105074,40.8927621],[36.3978356,40.9177224],[36.3788942,40.9410967],[36.3508496,40.9408194],[36.3334616,40.9794207],[36.1998239,40.9811381],[36.1618638,40.8907672],[36.1294773,40.902319],[36.0999873,40.8921902],[36.0828294,40.8446445],[36.0186727,40.8219504],[35.864421,40.869966],[35.806024,40.871797],[35.7889422,40.8863221],[35.7665618,40.8682853],[35.7337599,40.8798234],[35.6946066,40.8637095],[35.6845996,40.8769513],[35.6704804,40.8734183],[35.6638322,40.8966087],[35.6344971,40.8955238],[35.643938,40.9148638],[35.6266992,40.9366369],[35.5016308,40.9595511],[35.4773797,40.973847],[35.4461684,41.0203347],[35.3582869,41.0053319],[35.3396469,41.0360839],[35.2961536,41.0423825],[35.2676012,41.0332085],[35.2106349,41.0759495],[35.0814304,41.0759523],[35.1012557,41.0620917],[35.0951428,41.0398778],[35.0140057,40.9940729],[35.0644753,40.9463451],[35.0654142,40.9106577],[35.0082036,40.8638525],[35.0074565,40.826102],[34.9800058,40.8004684],[34.9903322,40.7768109],[35.0153202,40.767872],[35.0300784,40.7289023],[35.0698042,40.7117049],[35.1753549,40.699167],[35.2215025,40.7118316],[35.2936726,40.6983895],[35.3292289,40.6839267],[35.3237097,40.6488352],[35.45641,40.6219798],[35.4855054,40.5970552],[35.4869241,40.5694022],[35.5214365,40.5654854],[35.5309346,40.5486637],[35.5020407,40.5129769],[35.4348721,40.4877477],[35.4114365,40.4631941],[35.3957545,40.4057096],[35.3538956,40.3857219],[35.3799114,40.3319623],[35.4104431,40.3321189],[35.385138,40.286226],[35.3559036,40.2761586],[35.3399519,40.2550786]]]}},{"type":"Feature","properties":{"il":"corum","name":"Çorum"},"geometry":{"type":"Polygon","coordinates":[[[34.6511863,40.0050386],[34.683037,40.0176437],[34.7964696,39.9938229],[34.8340121,40.004244],[34.8767989,40.0491352],[34.8987462,40.0308335],[34.8884453,40.0057434],[34.8975733,39.9884522],[34.9444377,40.0013421],[35.0697711,40.0045445],[35.1057798,40.0260639],[35.1529748,40.0199301],[35.1895229,40.0553769],[35.1954525,40.08157],[35.1516963,40.0919873],[35.1464548,40.1072886],[35.2026857,40.1431722],[35.2013035,40.1519535],[35.1559291,40.1510391],[35.1570283,40.1834122],[35.1361378,40.2117098],[35.1481826,40.230903],[35.1721554,40.2390947],[35.1921805,40.2043048],[35.2427266,40.1930771],[35.385138,40.286226],[35.4104431,40.3321189],[35.3799114,40.3319623],[35.3538956,40.3857219],[35.3957545,40.4057096],[35.4114365,40.4631941],[35.4348721,40.4877477],[35.5020407,40.5129769],[35.5309346,40.5486637],[35.5214365,40.5654854],[35.4869241,40.5694022],[35.4855054,40.5970552],[35.45641,40.6219798],[35.3237097,40.6488352],[35.3292289,40.6839267],[35.2936726,40.6983895],[35.2215025,40.7118316],[35.1753549,40.699167],[35.0698042,40.7117049],[35.0300784,40.7289023],[35.0153202,40.767872],[34.9903322,40.7768109],[34.9800058,40.8004684],[35.0074565,40.826102],[35.0082036,40.8638525],[35.0654142,40.9106577],[35.0644753,40.9463451],[35.0140057,40.9940729],[35.083184,41.0268258],[35.1012557,41.0620917],[35.0565441,41.0808206],[34.9612369,41.0807193],[34.9524183,41.0838125],[34.961654,41.092547],[34.9230816,41.0962931],[34.9841221,41.1435937],[34.9618557,41.1656559],[34.9586547,41.1961811],[34.9325542,41.1965781],[34.9269964,41.2235438],[34.9058908,41.2398659],[34.8786647,41.2569244],[34.8723859,41.2277724],[34.8463794,41.2020232],[34.7887274,41.2378895],[34.7267471,41.2494069],[34.7081512,41.2993816],[34.5476235,41.2962048],[34.5062948,41.3266533],[34.498788,41.348294],[34.4833264,41.3509213],[34.4608994,41.304785],[34.4300502,41.2880254],[34.4094297,41.2555255],[34.394349,41.2624664],[34.3977152,41.2803862],[34.3364019,41.2930334],[34.3114091,41.2702832],[34.3216814,41.2531444],[34.2993681,41.2399544],[34.2938318,41.2126978],[34.2606315,41.2089787],[34.2359987,41.1888945],[34.2447426,41.1489266],[34.224626,41.1309889],[34.232297,41.0960689],[34.2555263,41.0801633],[34.3169082,41.0841704],[34.3287698,41.0709625],[34.3279862,41.031285],[34.3596739,41.012235],[34.3608376,40.999235],[34.2642991,40.9717903],[34.2625157,40.9140252],[34.2393271,40.8669159],[34.2005018,40.848313],[34.0490335,40.8676416],[33.993106,40.8463136],[34.0026115,40.8315759],[34.0622574,40.8160009],[34.0846856,40.7914867],[34.0557289,40.7283048],[34.0669397,40.7021188],[34.1136439,40.6762408],[34.130304,40.6484176],[34.1203647,40.6190699],[34.0851987,40.5894824],[34.096529,40.5631879],[34.1185194,40.5592663],[34.1310661,40.5229481],[34.0837277,40.4440539],[34.1373791,40.4516896],[34.151035,40.4238753],[34.1638661,40.4245539],[34.1562605,40.4029643],[34.1656515,40.397018],[34.1339932,40.3916914],[34.1090143,40.3564552],[34.1090646,40.3272628],[34.0727504,40.2959403],[34.0031226,40.2921347],[33.9677428,40.2734713],[33.9613163,40.2547991],[33.9947305,40.1901148],[34.061618,40.1970729],[34.0901756,40.0706918],[34.1429546,40.0427169],[34.2498033,39.9451581],[34.3587587,39.9432569],[34.4261378,39.995549],[34.5298128,39.9784467],[34.5417342,39.9517689],[34.5844364,39.943551],[34.6344038,39.9627555],[34.6511863,40.0050386]]]}},{"type":"Feature","properties":{"il":"cankiri","name":"Çankırı"},"geometry":{"type":"Polygon","coordinates":[[[33.473061,41.0506591],[33.4648955,41.0318851],[33.4193329,41.027078],[33.4264986,41.0021982],[33.4129649,40.9868705],[33.3353132,40.9798635],[33.3154338,40.9911465],[33.3254453,41.0053268],[33.296892,41.036571],[33.1910893,41.071636],[33.1222815,41.054422],[33.0739217,41.0627029],[33.0403731,41.0339098],[33.0528018,40.9920657],[32.9990569,40.9839917],[32.9981359,40.9706855],[32.8928141,40.9482323],[32.833881,40.9644154],[32.7861535,40.9530729],[32.7501079,40.8770764],[32.5719835,40.8254243],[32.5957534,40.8134513],[32.5691845,40.7655659],[32.610855,40.7395836],[32.6799487,40.7519387],[32.7058696,40.7311289],[32.7085303,40.7042616],[32.7793407,40.660392],[32.8920364,40.6431356],[32.8831958,40.5995517],[32.9188155,40.586321],[32.8998469,40.5817581],[32.915039,40.5734789],[32.8797626,40.5591997],[32.8799342,40.5174533],[32.919588,40.5170618],[32.9652499,40.5447219],[33.0434417,40.4677803],[33.1290149,40.4889333],[33.1398295,40.4701962],[33.1315898,40.4643194],[33.1519317,40.4648418],[33.1794833,40.4253235],[33.2097816,40.4134961],[33.2154464,40.3867626],[33.2063483,40.3757785],[33.2369041,40.3577293],[33.2343291,40.3463479],[33.2649746,40.3186934],[33.314495,40.3385631],[33.3381843,40.3322167],[33.3456515,40.3502073],[33.3170699,40.3750592],[33.3152675,40.4087254],[33.3611869,40.3887238],[33.3929443,40.3914695],[33.4021281,40.374863],[33.417679,40.3896563],[33.4372329,40.3723129],[33.4272765,40.3552439],[33.4883021,40.3386939],[33.4785174,40.3339833],[33.4834098,40.3153339],[33.5270976,40.3210929],[33.5611724,40.3464788],[33.5647773,40.3313661],[33.6000537,40.3269822],[33.6468415,40.2955756],[33.6589824,40.323184],[33.6790648,40.3314241],[33.7581476,40.3192397],[33.7878991,40.321195],[33.8018075,40.3349144],[33.8103923,40.2807443],[33.9481624,40.2684837],[33.9613163,40.2547991],[33.9677428,40.2734713],[34.0031226,40.2921347],[34.0727504,40.2959403],[34.1090646,40.3272628],[34.1090143,40.3564552],[34.1339932,40.3916914],[34.1656515,40.397018],[34.1562605,40.4029643],[34.1638661,40.4245539],[34.151035,40.4238753],[34.1373791,40.4516896],[34.0837277,40.4440539],[34.1310661,40.5229481],[34.1185194,40.5592663],[34.096529,40.5631879],[34.0851987,40.5894824],[34.1203647,40.6190699],[34.130304,40.6484176],[34.1136439,40.6762408],[34.0586664,40.7131552],[34.0613995,40.7569018],[34.0846856,40.7914867],[34.0622574,40.8160009],[34.0026115,40.8315759],[33.9868538,40.8548141],[33.8480522,40.8593024],[33.7862561,40.8946649],[33.790915,40.9486808],[33.8119203,40.9971084],[33.8469131,41.0332398],[33.8579591,41.1032982],[33.8174865,41.0829068],[33.7786806,41.0853222],[33.7618383,41.0692828],[33.6319038,41.0230038],[33.5417005,41.025141],[33.5281278,41.0278033],[33.5254899,41.0456111],[33.473061,41.0506591]]]}},{"type":"Feature","properties":{"il":"karabuk","name":"Karabük"},"geometry":{"type":"Polygon","coordinates":[[[32.5719835,40.8254243],[32.7501079,40.8770764],[32.7861535,40.9530729],[32.833881,40.9644154],[32.8928141,40.9482323],[32.9981359,40.9706855],[32.9990569,40.9839917],[33.0225211,40.9923056],[33.0528018,40.9920657],[33.0403731,41.0339098],[33.0739217,41.0627029],[33.0552779,41.0853355],[33.0595694,41.1095264],[33.0101309,41.1494799],[32.960361,41.1523619],[32.9662371,41.1641693],[32.9252716,41.1984532],[32.9352245,41.2484171],[32.9707028,41.2891809],[33.0109529,41.31742],[33.0684359,41.3188589],[33.1229849,41.3495407],[33.1373224,41.3722961],[33.1240476,41.3882609],[33.125254,41.4349434],[33.0991397,41.4578823],[33.1076688,41.4754454],[33.0648854,41.484002],[33.0392853,41.5128326],[33.0588636,41.536908],[33.0470898,41.5850604],[33.0052127,41.5683742],[32.9877099,41.5727846],[32.9909658,41.5878589],[32.9567583,41.5862025],[32.9226084,41.5604876],[32.903294,41.5610722],[32.8894955,41.5773606],[32.8320584,41.5557806],[32.7711299,41.5542918],[32.8057731,41.5163982],[32.7743458,41.5045749],[32.7344237,41.5050655],[32.7232824,41.5238495],[32.6964464,41.5295066],[32.6423475,41.4892958],[32.6571877,41.469744],[32.6448437,41.4548179],[32.6935507,41.3729471],[32.6964576,41.3380215],[32.6806999,41.3266072],[32.5905627,41.3256651],[32.4786283,41.3601099],[32.4646044,41.3085478],[32.3024,41.3073911],[32.2841299,41.3203363],[32.2418749,41.2863193],[32.2489923,41.2556622],[32.1744023,41.2473788],[32.1284628,41.2186362],[32.0963617,41.1638951],[32.0610933,41.1616799],[32.0459309,41.1273674],[31.973824,41.0574457],[32.0067072,41.0286536],[32.0839072,41.0078012],[32.1136929,41.0106196],[32.1188127,41.0292884],[32.1570076,41.0304104],[32.1713391,41.048679],[32.2359168,41.030299],[32.3277459,41.0265578],[32.3719363,41.0083656],[32.3447444,40.9669523],[32.3519259,40.9500069],[32.4009229,40.9624034],[32.4043355,40.9352765],[32.3260693,40.8799904],[32.3310133,40.8686125],[32.4193772,40.8537081],[32.5134906,40.8817926],[32.5349025,40.8466225],[32.5719835,40.8254243]]]}},{"type":"Feature","properties":{"il":"kastamonu","name":"Kastamonu"},"geometry":{"type":"Polygon","coordinates":[[[33.4129649,40.9868705],[33.4264986,41.0021982],[33.4193329,41.027078],[33.4648955,41.0318851],[33.473061,41.0506591],[33.5254899,41.0456111],[33.5281278,41.0278033],[33.5417005,41.025141],[33.6319038,41.0230038],[33.7618383,41.0692828],[33.7786806,41.0853222],[33.8174865,41.0829068],[33.8579591,41.1032982],[33.8469131,41.0332398],[33.8119203,40.9971084],[33.790915,40.9486808],[33.7831527,40.907919],[33.7968729,40.8832041],[33.8480522,40.8593024],[33.993106,40.8463136],[34.0490335,40.8676416],[34.2005018,40.848313],[34.2393271,40.8669159],[34.2625157,40.9140252],[34.2642991,40.9717903],[34.3608376,40.999235],[34.3596739,41.012235],[34.3279862,41.031285],[34.3287698,41.0709625],[34.3169082,41.0841704],[34.2555263,41.0801633],[34.232297,41.0960689],[34.224626,41.1309889],[34.2447426,41.1489266],[34.2359987,41.1888945],[34.2606315,41.2089787],[34.2938318,41.2126978],[34.2993681,41.2399544],[34.3216814,41.2531444],[34.3114091,41.2702832],[34.3364019,41.2930334],[34.3977152,41.2803862],[34.4026588,41.2521705],[34.4300502,41.2880254],[34.4608994,41.304785],[34.4833264,41.3509213],[34.4814507,41.3802656],[34.449588,41.4252445],[34.4526852,41.4607746],[34.4308312,41.4905151],[34.5384356,41.5441362],[34.5793301,41.6036445],[34.5991684,41.6120351],[34.6063384,41.6689131],[34.5127724,41.7364797],[34.4585399,41.7281628],[34.3099046,41.7465038],[34.2437468,41.7425057],[34.287986,41.7868449],[34.2773187,41.8354065],[34.2897092,41.8566177],[34.2237142,41.9384633],[34.2890293,42.1492582],[34.13196,42.177],[33.7230636,42.18],[33.3107677,42.218],[32.9222731,42.111],[32.8129485,42.062],[32.6565426,42.043],[32.7577593,41.8485979],[32.7468551,41.8299303],[32.7695586,41.8251291],[32.7845697,41.7481885],[32.8423854,41.7247136],[32.915301,41.7405117],[32.9389811,41.7149626],[32.9187622,41.6989211],[32.9066448,41.6281143],[32.8721514,41.5984015],[32.8748333,41.575564],[32.9123914,41.5598015],[32.9567583,41.5862025],[32.9909658,41.5878589],[32.9877099,41.5727846],[33.002662,41.568402],[33.0470898,41.5850604],[33.0588636,41.536908],[33.0392853,41.5128326],[33.0648854,41.484002],[33.1076688,41.4754454],[33.0991397,41.4578823],[33.125254,41.4349434],[33.1240476,41.3882609],[33.1373224,41.3722961],[33.1229849,41.3495407],[33.0684359,41.3188589],[33.0109529,41.31742],[32.9707028,41.2891809],[32.9352245,41.2484171],[32.9265796,41.1871737],[32.9662371,41.1641693],[32.960361,41.1523619],[33.0101309,41.1494799],[33.0595694,41.1095264],[33.0552779,41.0853355],[33.0739217,41.0627029],[33.1222815,41.054422],[33.1820377,41.0740824],[33.296892,41.036571],[33.3254453,41.0053268],[33.3154338,40.9911465],[33.3260501,40.9804058],[33.4129649,40.9868705]]]}},{"type":"Feature","properties":{"il":"sinop","name":"Sinop"},"geometry":{"type":"Polygon","coordinates":[[[34.5384356,41.5441362],[34.4308312,41.4905151],[34.4526852,41.4607746],[34.449588,41.4252445],[34.4814507,41.3802656],[34.474991,41.3617915],[34.498788,41.348294],[34.5331973,41.2999977],[34.7081512,41.2993816],[34.7267471,41.2494069],[34.7887274,41.2378895],[34.8463794,41.2020232],[34.8723859,41.2277724],[34.8875428,41.2725216],[34.9276427,41.2796981],[34.9287758,41.3120699],[34.9462161,41.3268331],[35.0135906,41.3446087],[35.0516744,41.3260168],[35.0752722,41.3291644],[35.1271543,41.3610778],[35.149594,41.3228623],[35.1933285,41.3074874],[35.1915937,41.2670497],[35.3065518,41.2339324],[35.3585965,41.2441633],[35.4040992,41.2701016],[35.3563463,41.3192287],[35.3548871,41.3395124],[35.3827141,41.3439085],[35.4375893,41.3138837],[35.4782774,41.3406893],[35.4356714,41.3968352],[35.4469967,41.4105908],[35.434314,41.4526071],[35.3695851,41.4813433],[35.3601565,41.5385165],[35.3351405,41.554178],[35.3150675,41.5929963],[35.3452523,41.5937469],[35.3358932,41.6036353],[35.3553892,41.6167487],[35.3596642,41.6386668],[35.3854436,41.6503873],[35.4575047,41.7303476],[35.586612,41.837],[35.4533496,41.882],[35.4358353,41.907],[35.4724183,41.97],[35.4785951,42.04],[35.4555052,42.102],[35.3999029,42.167],[35.3171981,42.217],[35.1981546,42.241],[35.1009824,42.283],[34.9410403,42.297],[34.8354983,42.28],[34.7405454,42.228],[34.6821723,42.146],[34.4950233,42.176],[34.2890293,42.1492582],[34.2237142,41.9384633],[34.2897092,41.8566177],[34.2773187,41.8354065],[34.287986,41.7868449],[34.2437468,41.7425057],[34.3099046,41.7465038],[34.4585399,41.7281628],[34.5127724,41.7364797],[34.6063384,41.6689131],[34.5991684,41.6120351],[34.5793301,41.6036445],[34.5384356,41.5441362]]]}},{"type":"Feature","properties":{"il":"bartin","name":"Bartın"},"geometry":{"type":"Polygon","coordinates":[[[32.4646044,41.3085478],[32.4786283,41.3601099],[32.5905627,41.3256651],[32.6806999,41.3266072],[32.6964576,41.3380215],[32.6935507,41.3729471],[32.6448437,41.4548179],[32.6571877,41.469744],[32.6423475,41.4892958],[32.6964464,41.5295066],[32.7232824,41.5238495],[32.7344237,41.5050655],[32.8021249,41.5129918],[32.7681787,41.551408],[32.8320584,41.5557806],[32.8748333,41.575564],[32.8721514,41.5984015],[32.9066448,41.6281143],[32.9187622,41.6989211],[32.9389811,41.7149626],[32.915301,41.7405117],[32.8423854,41.7247136],[32.7845697,41.7481885],[32.7695586,41.8251291],[32.7468551,41.8299303],[32.7577593,41.8485979],[32.6565426,42.043],[32.4017741,41.988],[32.3163776,41.947],[32.1548173,41.895],[32.0585246,41.845],[32.0933302,41.5919416],[32.1190917,41.5626068],[32.1561947,41.5458771],[32.1683702,41.5156697],[32.1901548,41.5346236],[32.2216212,41.5396389],[32.2363861,41.4723162],[32.2884018,41.4253121],[32.2743103,41.410765],[32.294704,41.3842263],[32.2795927,41.3425825],[32.2841299,41.3203363],[32.3024,41.3073911],[32.4646044,41.3085478]]]}},{"type":"Feature","properties":{"il":"zonguldak","name":"Zonguldak"},"geometry":{"type":"Polygon","coordinates":[[[32.1452709,41.2291915],[32.1744023,41.2473788],[32.2489923,41.2556622],[32.2418749,41.2863193],[32.2790763,41.3081334],[32.294704,41.3842263],[32.2742198,41.4053011],[32.2884018,41.4253121],[32.2363861,41.4723162],[32.2216212,41.5396389],[32.1901548,41.5346236],[32.1683702,41.5156697],[32.1561947,41.5458771],[32.1190917,41.5626068],[32.0933302,41.5919416],[32.0585246,41.845],[31.9761026,41.775],[31.7558213,41.694],[31.557334,41.589],[31.2404291,41.475],[31.1613196,41.406],[31.1271794,41.317],[31.1268287,41.297],[31.3086955,41.1019397],[31.3274608,41.0466678],[31.3231091,41.0227818],[31.3926316,41.0200663],[31.6322896,41.0509796],[31.7903435,41.0296298],[31.8536456,41.0082997],[31.9269972,41.0118792],[31.9435865,41.0354964],[31.9809328,41.0463319],[31.9800751,41.0727432],[32.0459309,41.1273674],[32.0610933,41.1616799],[32.0963617,41.1638951],[32.1452709,41.2291915]]]}},{"type":"Feature","properties":{"il":"duzce","name":"Düzce"},"geometry":{"type":"Polygon","coordinates":[[[30.8406455,40.786459],[30.8223443,40.7738765],[30.8375826,40.7412786],[30.8857479,40.7494586],[30.8924099,40.7293258],[30.9410346,40.7110445],[30.9186354,40.6599218],[30.9407908,40.6504102],[30.9398746,40.6316276],[31.0118329,40.6304536],[31.0923507,40.6547731],[31.189511,40.6242074],[31.2263155,40.6230662],[31.2473198,40.6440339],[31.3027852,40.6290475],[31.3858374,40.6709219],[31.4151549,40.7628305],[31.5456455,40.8027145],[31.5330362,40.8612412],[31.6369015,40.9135622],[31.6497239,40.9553209],[31.7490635,40.9878651],[31.7807161,40.9607834],[31.8536456,41.0082997],[31.7903435,41.0296298],[31.6322896,41.0509796],[31.3926316,41.0200663],[31.3231091,41.0227818],[31.3274608,41.0466678],[31.3086955,41.1019397],[31.1268287,41.297],[30.9402244,41.273],[30.9675331,41.0748135],[30.9543837,41.0634015],[30.9848653,41.0570683],[30.9847424,41.0425881],[31.0124785,41.0452315],[30.9514278,41.0010815],[30.9627052,40.9859515],[30.8968512,40.9338498],[30.9080792,40.9255446],[30.8992827,40.9166814],[30.8352455,40.9109266],[30.8242586,40.9000571],[30.8237992,40.8839069],[30.8793922,40.8699531],[30.8684421,40.8405886],[30.9194406,40.8375182],[30.893635,40.8172963],[30.8394969,40.8044878],[30.8406455,40.786459]]]}},{"type":"Feature","properties":{"il":"bolu","name":"Bolu"},"geometry":{"type":"Polygon","coordinates":[[[31.6982878,40.3191224],[31.7023801,40.3092472],[31.762762,40.3331327],[31.8448161,40.3031599],[31.9108199,40.34589],[31.9652365,40.352693],[31.9668674,40.3639424],[32.0110702,40.3783939],[32.0336436,40.4129733],[32.0195674,40.431073],[32.0306396,40.4642541],[31.9993114,40.4684332],[31.9942474,40.4848207],[32.0298671,40.5070126],[32.090721,40.5003558],[32.1149252,40.532459],[32.1453383,40.5456776],[32.2157764,40.5534611],[32.2470187,40.5433522],[32.2635841,40.5674807],[32.2948264,40.5668287],[32.3071002,40.5876898],[32.3342227,40.5836485],[32.3527621,40.5949245],[32.3728465,40.5849522],[32.3579978,40.5686543],[32.3604869,40.5402214],[32.4483775,40.5593954],[32.4618529,40.581041],[32.4294089,40.5901666],[32.4379062,40.6238554],[32.4145602,40.6416377],[32.4158477,40.65922],[32.4316405,40.6676188],[32.4265765,40.6848688],[32.5102614,40.6734127],[32.5300025,40.7157775],[32.5240802,40.7345759],[32.5935172,40.7453713],[32.5691845,40.7655659],[32.5957534,40.8134513],[32.5349025,40.8466225],[32.5134906,40.8817926],[32.4193772,40.8537081],[32.3310133,40.8686125],[32.3260693,40.8799904],[32.4043355,40.9352765],[32.4009229,40.9624034],[32.3519259,40.9500069],[32.3447444,40.9669523],[32.3719363,41.0083656],[32.3277459,41.0265578],[32.2359168,41.030299],[32.1713391,41.048679],[32.1570076,41.0304104],[32.1188127,41.0292884],[32.1136929,41.0106196],[32.0839072,41.0078012],[31.96251,41.0443112],[31.9269972,41.0118792],[31.8536456,41.0082997],[31.7807161,40.9607834],[31.7490635,40.9878651],[31.6497239,40.9553209],[31.6369015,40.9135622],[31.5330362,40.8612412],[31.5456455,40.8027145],[31.4151549,40.7628305],[31.3858374,40.6709219],[31.355726,40.648174],[31.3112426,40.6408466],[31.3027852,40.6290475],[31.2473198,40.6440339],[31.2263155,40.6230662],[31.2063739,40.6229263],[31.0923507,40.6547731],[30.9692544,40.6248374],[30.9398746,40.6316276],[30.9407908,40.6504102],[30.9162245,40.6596557],[30.8985881,40.6500275],[30.8704798,40.5986097],[30.8712699,40.574694],[30.8867711,40.575342],[30.872248,40.5672109],[30.8716698,40.5441485],[30.8825582,40.5385137],[30.8640163,40.5110919],[30.8213046,40.5165393],[30.6853064,40.4989234],[30.6385587,40.507341],[30.608673,40.4850213],[30.568265,40.4873441],[30.5914056,40.4629504],[30.5797766,40.449901],[30.5820285,40.3797678],[30.5647636,40.3570814],[30.6085985,40.3366819],[30.607557,40.3265208],[30.5707897,40.3266101],[30.5666885,40.3086857],[30.6036358,40.2685368],[30.6089389,40.219027],[30.6421474,40.1984607],[30.6283894,40.1724392],[30.6624453,40.1677112],[30.6804337,40.1873426],[30.7155739,40.1562078],[30.819019,40.1419411],[30.8361038,40.0978711],[30.8732771,40.1107369],[30.8521628,40.1579181],[30.9012579,40.1777257],[30.9367918,40.1732662],[30.9551596,40.2117526],[31.0727477,40.2284646],[31.0743784,40.2612215],[31.0557532,40.2703906],[31.068911,40.3496055],[31.199541,40.3521043],[31.2135314,40.3366003],[31.2781619,40.3421612],[31.3094043,40.3299267],[31.3271712,40.3537395],[31.3453673,40.3407874],[31.373434,40.3499457],[31.379528,40.3700896],[31.4352321,40.3652503],[31.431198,40.349357],[31.4487933,40.3278328],[31.4199542,40.3347684],[31.3866519,40.3127815],[31.4159202,40.2898708],[31.414976,40.2675418],[31.4537715,40.2611233],[31.4517974,40.2953701],[31.501671,40.2881914],[31.5087461,40.3072509],[31.5178012,40.2932752],[31.5400313,40.2964175],[31.5911759,40.2685711],[31.6982878,40.3191224]]]}},{"type":"Feature","properties":{"il":"sakarya","name":"Sakarya"},"geometry":{"type":"Polygon","coordinates":[[[30.9402244,41.273],[30.8380437,41.281],[30.7478601,41.316],[30.5117269,41.351],[30.3657268,41.1683996],[30.3310865,41.156586],[30.323187,41.1210106],[30.2815499,41.0892581],[30.2442351,41.0836789],[30.2661905,41.0509611],[30.22596,41.0151945],[30.2371739,40.9797016],[30.2607067,40.9865252],[30.2786631,40.9563918],[30.2915524,40.9554463],[30.2780418,40.9392804],[30.291095,40.9300433],[30.2753218,40.9189065],[30.2928219,40.9058287],[30.2837564,40.8936131],[30.2604494,40.9067752],[30.2366875,40.9024199],[30.2672648,40.866789],[30.2521087,40.8585474],[30.2566433,40.8466331],[30.2288783,40.8482902],[30.2146948,40.8217551],[30.226515,40.8049512],[30.2168132,40.7955372],[30.2410334,40.7787599],[30.2550776,40.7346826],[30.1695431,40.7084202],[30.1540383,40.6573336],[30.113406,40.5944103],[30.0534242,40.5936054],[29.9669815,40.551366],[29.9920238,40.5163303],[29.9772462,40.5012952],[29.9828308,40.4745408],[29.9992648,40.464767],[30.0114095,40.4301595],[30.0386942,40.4211548],[30.0709492,40.458092],[30.150417,40.3615651],[30.1901202,40.3547623],[30.2169299,40.3355641],[30.2405695,40.3640822],[30.4364634,40.3931897],[30.4423732,40.3819515],[30.4744215,40.3833524],[30.4811741,40.3442562],[30.472092,40.3319869],[30.4898384,40.3116016],[30.5085408,40.3102022],[30.5115475,40.2956775],[30.5880482,40.2860894],[30.5666885,40.3086857],[30.5707897,40.3266101],[30.607557,40.3265208],[30.6085985,40.3366819],[30.5647636,40.3570814],[30.5820285,40.3797678],[30.5797766,40.449901],[30.5914056,40.4629504],[30.571554,40.4763546],[30.571789,40.4909175],[30.608673,40.4850213],[30.6385587,40.507341],[30.6853064,40.4989234],[30.8668739,40.513021],[30.8825582,40.5385137],[30.8716698,40.5441485],[30.872248,40.5672109],[30.8867711,40.575342],[30.8712699,40.574694],[30.8704798,40.5986097],[30.8985881,40.6500275],[30.9355978,40.683584],[30.9410346,40.7110445],[30.8924099,40.7293258],[30.8857479,40.7494586],[30.8394969,40.7398861],[30.8301549,40.7514309],[30.8223443,40.7738765],[30.8406455,40.786459],[30.8394969,40.8044878],[30.893635,40.8172963],[30.9194406,40.8375182],[30.8684421,40.8405886],[30.8793922,40.8699531],[30.8237992,40.8839069],[30.8242586,40.9000571],[30.8352455,40.9109266],[30.8992827,40.9166814],[30.9080792,40.9255446],[30.8968512,40.9338498],[30.9627052,40.9859515],[30.9514278,41.0010815],[31.0124785,41.0452315],[30.9847424,41.0425881],[30.9848653,41.0570683],[30.9543837,41.0634015],[30.9675331,41.0748135],[30.9402244,41.273]]]}},{"type":"Feature","properties":{"il":"bursa","name":"Bursa"},"geometry":{"type":"Polygon","coordinates":[[[28.178987,40.397401],[28.1832437,40.3358276],[28.1648155,40.312889],[28.1754261,40.2570531],[28.1097623,40.2632325],[28.1074662,40.2310163],[28.131409,40.1851905],[28.1128601,40.1473324],[28.1919228,40.0742828],[28.1886066,40.0410994],[28.2055595,39.9935653],[28.2527736,39.9683223],[28.2660353,39.92889],[28.2875376,39.9112132],[28.3624603,39.8576955],[28.4357304,39.8595496],[28.4498703,39.8485107],[28.4511106,39.8133313],[28.4834818,39.8095332],[28.4880486,39.7774884],[28.527387,39.7538622],[28.6693868,39.7758507],[28.7183608,39.750213],[28.7321048,39.761583],[28.7264243,39.6908288],[28.7793235,39.6963201],[28.7806035,39.6816001],[28.7566022,39.6558618],[28.8149082,39.6171577],[28.9407216,39.6231045],[28.9948484,39.6108405],[28.9893124,39.5938437],[29.0423054,39.6120725],[29.1679717,39.5938012],[29.1964474,39.5992687],[29.2486372,39.6907135],[29.2757124,39.6980411],[29.2858101,39.7242398],[29.2614139,39.7465005],[29.3131925,39.7641352],[29.3139649,39.7828027],[29.3422457,39.7759972],[29.4019949,39.7938285],[29.4238387,39.8269099],[29.4716972,39.8384283],[29.5262374,39.8770094],[29.7604957,39.8678206],[29.7416306,39.8854732],[29.747256,39.9023095],[29.7980751,39.9318655],[29.7602421,39.9556695],[29.7401811,39.9867761],[29.7541251,40.0017906],[29.7216003,40.0994972],[29.7261279,40.1645134],[29.7774769,40.1888075],[29.7970297,40.2234186],[29.8286008,40.2433108],[29.8525008,40.3280368],[29.7980765,40.3697995],[29.8860048,40.4154732],[29.886317,40.4458573],[29.8513075,40.4659835],[29.8994309,40.4999015],[29.9100426,40.5525886],[29.8957741,40.5741272],[29.7046693,40.6144126],[29.6255022,40.5457264],[29.560433,40.541511],[29.5521973,40.5263023],[29.5432128,40.5340623],[29.4983334,40.5247959],[29.4917338,40.5560198],[29.4700065,40.5679418],[29.4451867,40.5416585],[29.3474836,40.569099],[29.3150028,40.5245527],[29.2564811,40.5360192],[29.2291004,40.5206063],[29.1667775,40.5428756],[29.1486749,40.5759544],[29.100141,40.5676566],[29.0850034,40.5764285],[29.0619069,40.5616104],[29.0319438,40.5797473],[29.0079415,40.5448454],[28.9949528,40.4865252],[29.0159803,40.4488119],[29.003198,40.4297096],[28.9646561,40.4182285],[28.902654,40.4214179],[28.7342427,40.4737024],[28.6831328,40.5132077],[28.6579968,40.5698761],[28.6310489,40.7436717],[28.4603777,40.7289169],[28.2217475,40.7411069],[28.178987,40.397401]]]}},{"type":"Feature","properties":{"il":"balikesir","name":"Balıkesir"},"geometry":{"type":"Polygon","coordinates":[[[26.652927,39.6625767],[26.6505644,39.516309],[26.6105816,39.4672281],[26.5113055,39.4380706],[26.4318003,39.434207],[26.6741678,39.1218223],[26.7686313,39.1666913],[26.8307483,39.2340067],[26.8785865,39.2361056],[26.9315457,39.2916061],[26.9772421,39.2915844],[26.9988262,39.2746402],[27.0164752,39.2923783],[27.0108813,39.3086009],[27.066493,39.3243388],[27.0788312,39.3507926],[27.1058039,39.3652131],[27.1783263,39.3793937],[27.2176737,39.3680306],[27.2248119,39.3398704],[27.2739458,39.3561187],[27.2936547,39.3765398],[27.3765324,39.3854872],[27.4000021,39.3710163],[27.4261639,39.3970001],[27.4714405,39.407116],[27.5655593,39.3457591],[27.649019,39.3290389],[27.721029,39.3619086],[27.7473248,39.3622203],[27.7692402,39.3208671],[27.8021751,39.307181],[27.8441651,39.3328838],[27.8843068,39.3391493],[27.9119045,39.3633875],[27.9343616,39.3365884],[27.9438333,39.2529201],[28.0705122,39.1976257],[28.0920314,39.1271133],[28.1434402,39.1056479],[28.1541643,39.0824464],[28.1938834,39.0719739],[28.3135768,39.085468],[28.362142,39.1256556],[28.436034,39.1388063],[28.5728049,39.1344426],[28.588415,39.1465498],[28.5922165,39.1727674],[28.6324636,39.1681686],[28.6539827,39.1943767],[28.6186219,39.2463178],[28.6283433,39.2791243],[28.6644451,39.2889604],[28.7586232,39.2846221],[28.8531258,39.3417403],[28.8719208,39.368092],[28.890479,39.3688093],[28.891778,39.4006522],[28.9503045,39.4075591],[28.9429185,39.4379414],[28.951413,39.4589221],[28.922621,39.4908619],[28.9263346,39.5243516],[28.9481627,39.5310599],[28.9542597,39.5457713],[28.9448085,39.5510499],[28.986395,39.5662089],[28.9995273,39.5871236],[28.9975543,39.5987255],[28.9874077,39.5945612],[28.9948484,39.6108405],[28.9407216,39.6231045],[28.8666053,39.612893],[28.7962797,39.6244217],[28.7916306,39.6386783],[28.7799353,39.6355907],[28.7888333,39.6436548],[28.7566022,39.6558618],[28.7806035,39.6816001],[28.7793235,39.6963201],[28.7264243,39.6908288],[28.7321048,39.761583],[28.7183608,39.750213],[28.6693868,39.7758507],[28.527387,39.7538622],[28.4880486,39.7774884],[28.4834818,39.8095332],[28.4511106,39.8133313],[28.4498703,39.8485107],[28.4357304,39.8595496],[28.3624603,39.8576955],[28.2660353,39.92889],[28.2527736,39.9683223],[28.2055595,39.9935653],[28.1886066,40.0410994],[28.1919228,40.0742828],[28.1128601,40.1473324],[28.131409,40.1851905],[28.1074662,40.2310163],[28.1097623,40.2632325],[28.1618811,40.2505361],[28.1774872,40.2648054],[28.1648155,40.312889],[28.1832437,40.3358276],[28.1749143,40.3869439],[28.2217475,40.7411069],[28.1079924,40.7469171],[27.7820558,40.7969321],[27.6224133,40.7787056],[27.4640379,40.7095913],[27.3164922,40.5267119],[27.3892928,40.4846276],[27.5242983,40.3393707],[27.5073349,40.2632809],[27.4444648,40.2212736],[27.3794153,40.1332946],[27.4544774,40.1395677],[27.5036414,40.1262466],[27.4792005,40.0354116],[27.4478095,39.9912364],[27.4775854,39.9737646],[27.5167641,39.9776625],[27.5196349,39.9557044],[27.5486965,39.9258991],[27.5455957,39.9113218],[27.4894745,39.8707906],[27.4666524,39.7651766],[27.4535954,39.7516717],[27.4111084,39.7595561],[27.3834472,39.7455046],[27.3725159,39.7111067],[27.3141634,39.678152],[27.20237,39.6840718],[27.1122327,39.7471304],[26.948378,39.7866502],[26.841106,39.7709147],[26.7519696,39.7465597],[26.6777724,39.7038884],[26.652927,39.6625767]]]}},{"type":"Feature","properties":{"il":"edirne","name":"Edirne"},"geometry":{"type":"Polygon","coordinates":[[[26.9058811,41.9890713],[26.8710308,41.9910748],[26.842275,41.9689662],[26.7872347,41.9896576],[26.7509259,41.9583235],[26.6231985,41.979441],[26.5611128,41.9255369],[26.5843395,41.9033968],[26.5668257,41.8858106],[26.5810391,41.8736505],[26.5384605,41.8234898],[26.3689366,41.8207514],[26.3400253,41.7755435],[26.3292228,41.736208],[26.3580724,41.7081095],[26.4096663,41.6832958],[26.4918052,41.6728877],[26.4884409,41.6540762],[26.5294976,41.6216127],[26.5951733,41.6101905],[26.5997071,41.5823627],[26.5871803,41.5705548],[26.6048194,41.492059],[26.5973898,41.4807968],[26.6130015,41.4629343],[26.6131557,41.4241543],[26.6295399,41.4175201],[26.6322552,41.364253],[26.6169476,41.3361867],[26.5866313,41.322602],[26.5440996,41.3421827],[26.5183336,41.3395004],[26.48713,41.3046298],[26.4650901,41.300657],[26.4623114,41.2828068],[26.4353786,41.278513],[26.4074714,41.2540465],[26.323744,41.2539305],[26.3172679,41.2373458],[26.3310246,41.2188258],[26.3215628,41.1840838],[26.3066406,41.1746324],[26.3367846,41.1434189],[26.3029776,41.1134885],[26.3353707,41.1083962],[26.3124342,41.0715079],[26.3271914,41.0414135],[26.3665656,41.0204045],[26.3579108,40.9996375],[26.3254612,40.9845786],[26.3590086,40.9452656],[26.2853617,40.9307247],[26.3017903,40.9038771],[26.2926399,40.894032],[26.2759499,40.8940745],[26.2615824,40.9152405],[26.2498423,40.8814893],[26.2226255,40.8902921],[26.222981,40.866562],[26.2069846,40.8666116],[26.2147215,40.8534399],[26.2042215,40.8508331],[26.2199813,40.8341188],[26.156352,40.808773],[26.1298574,40.7776991],[26.1244394,40.7423677],[26.0729331,40.7273882],[25.9551775,40.7294744],[26.0499145,40.3714182],[26.7157473,40.6293111],[26.7650492,40.7252128],[26.8076762,40.7382873],[26.7699865,40.8048249],[26.7510169,40.8129485],[26.7420489,40.8608479],[26.7110152,40.8777773],[26.7137305,40.9185568],[26.7391721,40.9229492],[26.7612505,40.9454304],[26.7366104,40.9430763],[26.7184409,40.961826],[26.7370521,40.9740474],[26.7456987,41.017021],[26.6932929,41.0475675],[26.707836,41.0746366],[26.7455256,41.0750129],[26.7644953,41.0584526],[26.7974426,41.0618403],[26.8106714,41.1071807],[26.8376283,41.1084971],[26.9516957,41.1776688],[26.9299805,41.2199253],[26.962179,41.237571],[26.9231035,41.2789485],[26.9337032,41.3093915],[26.9174509,41.3175185],[26.9173911,41.3358489],[26.8845687,41.3433953],[26.9080754,41.3826239],[26.894272,41.4372469],[26.9265167,41.4845646],[26.9796516,41.5204071],[26.9711302,41.534719],[27.006664,41.5967261],[26.9999168,41.6313367],[26.9561058,41.6346722],[26.9353392,41.6043422],[26.9041978,41.6175172],[26.9072819,41.6573088],[26.9299877,41.6611967],[26.9850318,41.7037333],[27.0263148,41.7910021],[27.0206594,41.8161676],[26.9668098,41.8719673],[26.9620071,41.9496749],[26.9058811,41.9890713]]]}},{"type":"Feature","properties":{"il":"kirklareli","name":"Kırklareli"},"geometry":{"type":"Polygon","coordinates":[[[26.9058811,41.9890713],[26.9620071,41.9496749],[26.9668098,41.8719673],[27.0206594,41.8161676],[27.0263148,41.7910021],[26.9850318,41.7037333],[26.9299877,41.6611967],[26.9072819,41.6573088],[26.9041978,41.6175172],[26.9353392,41.6043422],[26.9561058,41.6346722],[26.9999168,41.6313367],[27.006664,41.5967261],[26.9711302,41.534719],[26.9796516,41.5204071],[26.9265167,41.4845646],[26.894272,41.4372469],[26.9080754,41.3826239],[26.8845687,41.3433953],[26.9173911,41.3358489],[26.9174509,41.3175185],[26.9337032,41.3093915],[26.9428804,41.3229942],[26.9680328,41.319617],[26.9700736,41.3573864],[26.9802855,41.3629166],[27.0028615,41.361426],[27.0107339,41.3466974],[27.0799804,41.3411987],[27.1118557,41.3025321],[27.1057754,41.2868752],[27.0596724,41.2903795],[27.0624842,41.2692588],[27.0918306,41.2759438],[27.1190588,41.2637641],[27.1319277,41.2790502],[27.1120662,41.31658],[27.1243722,41.3327493],[27.1470244,41.3005741],[27.175484,41.3113323],[27.1688239,41.3272958],[27.1866286,41.3341888],[27.1612204,41.3561192],[27.2431586,41.3214279],[27.2734121,41.2866506],[27.369843,41.2224878],[27.4155615,41.2285691],[27.4396893,41.2171114],[27.5205731,41.2543654],[27.5692951,41.2489609],[27.5942552,41.2785298],[27.5712919,41.3179843],[27.5880651,41.3325299],[27.5772824,41.338677],[27.6044389,41.3649084],[27.5820747,41.3903802],[27.6186162,41.4287189],[27.6489676,41.4240775],[27.6707328,41.4526691],[27.7621865,41.4603013],[27.7755651,41.4836415],[27.8278814,41.5068238],[27.851843,41.4985988],[27.8548382,41.4813976],[27.8833925,41.4807993],[27.9432967,41.5437486],[27.9590714,41.5882696],[27.9832328,41.5849839],[27.9822344,41.5715405],[28.0026018,41.5557036],[28.0105664,41.584702],[28.036149,41.5936974],[28.0416551,41.6097413],[28.0637831,41.582163],[28.133543,41.5945114],[28.1464828,41.5850271],[28.4151633,41.671],[28.3654197,41.717],[28.3054193,41.808],[28.325031,41.87],[28.3238333,41.9813333],[28.0095054,41.9787767],[27.9760647,41.9899752],[27.9572162,41.9762019],[27.9216534,41.9827238],[27.9153167,41.9725156],[27.8998969,41.9918689],[27.8619015,42.0065211],[27.8552094,41.9909214],[27.8522664,42.0016484],[27.8186094,41.9866092],[27.8202856,41.9626103],[27.8336345,41.9615757],[27.8360475,41.9480284],[27.7929647,41.9480539],[27.7784866,41.9537295],[27.7846046,41.9636137],[27.7433351,41.96783],[27.7375304,41.9798394],[27.6964779,41.9780777],[27.7033614,41.9700625],[27.6841538,41.9715765],[27.6721426,41.9563956],[27.6220261,41.9588561],[27.6296323,41.9498498],[27.6126099,41.9385165],[27.6041967,41.9474373],[27.5887617,41.9313915],[27.5743385,41.9374709],[27.566526,41.9238054],[27.5765893,41.9196741],[27.5612528,41.9152127],[27.5722841,41.9049128],[27.560005,41.9051269],[27.5107947,41.9581813],[27.4677216,41.9584506],[27.4326681,41.9913064],[27.3945783,42.0051897],[27.3642949,42.0580781],[27.3360775,42.0598428],[27.3263303,42.0800491],[27.293666,42.0971656],[27.2392148,42.1048008],[27.2005542,42.081453],[27.200863,42.0593794],[27.1836495,42.0700294],[27.128889,42.069444],[27.107222,42.086111],[27.0242978,42.0816641],[27.025852,42.0557761],[27.0075071,42.03844],[26.9823069,42.0377597],[26.9851445,42.019874],[26.9655868,41.9964779],[26.9313745,42.0028017],[26.9058811,41.9890713]]]}},{"type":"Feature","properties":{"il":"tekirdag","name":"Tekirdağ"},"geometry":{"type":"Polygon","coordinates":[[[28.1221685,41.4099226],[28.1112004,41.4658485],[28.0708971,41.4940543],[28.0702877,41.5088859],[28.1195136,41.5342384],[28.1179902,41.5633913],[28.1464828,41.5850271],[28.133543,41.5945114],[28.0637831,41.582163],[28.0416551,41.6097413],[28.036149,41.5936974],[28.0105664,41.584702],[28.0026018,41.5557036],[27.9822344,41.5715405],[27.9832328,41.5849839],[27.9590714,41.5882696],[27.9432967,41.5437486],[27.8833925,41.4807993],[27.8548382,41.4813976],[27.851843,41.4985988],[27.8278814,41.5068238],[27.7755651,41.4836415],[27.7621865,41.4603013],[27.6707328,41.4526691],[27.6489676,41.4240775],[27.6186162,41.4287189],[27.5820747,41.3903802],[27.6044389,41.3649084],[27.5712919,41.3179843],[27.5942552,41.2785298],[27.5846705,41.2593191],[27.5692951,41.2489609],[27.5205731,41.2543654],[27.4396893,41.2171114],[27.4155615,41.2285691],[27.3561847,41.2279337],[27.3388263,41.2390726],[27.3433715,41.248885],[27.2734121,41.2866506],[27.2575944,41.3118312],[27.1740766,41.3553994],[27.1607709,41.3516916],[27.1796506,41.3506567],[27.1866286,41.3341888],[27.1688239,41.3272958],[27.1740247,41.3102018],[27.1470244,41.3005741],[27.1191703,41.3307552],[27.1120662,41.31658],[27.1319277,41.2790502],[27.1190588,41.2637641],[27.0918306,41.2759438],[27.0624842,41.2692588],[27.0596724,41.2903795],[27.1057754,41.2868752],[27.1118557,41.3025321],[27.1001241,41.3267409],[27.0833874,41.3249664],[27.0758023,41.3426874],[26.9726845,41.3608473],[26.9680328,41.319617],[26.9428804,41.3229942],[26.9221522,41.2890693],[26.962179,41.237571],[26.9299805,41.2199253],[26.9516957,41.1776688],[26.8376283,41.1084971],[26.8106714,41.1071807],[26.7974426,41.0618403],[26.7644953,41.0584526],[26.739036,41.0755774],[26.6995991,41.0652278],[26.6932929,41.0475675],[26.7028738,41.0339762],[26.7456987,41.017021],[26.7370521,40.9740474],[26.7184409,40.961826],[26.7366104,40.9430763],[26.7612505,40.9454304],[26.7391721,40.9229492],[26.7137305,40.9185568],[26.7110152,40.8777773],[26.7420489,40.8608479],[26.7510169,40.8129485],[26.7699865,40.8048249],[26.7699865,40.7906534],[26.8079258,40.7498227],[26.8086746,40.7231558],[26.8528539,40.7276956],[26.8590939,40.7441498],[26.9068877,40.753991],[27.0482912,40.7432043],[27.0133471,40.6843657],[26.9819325,40.6803681],[26.9349808,40.6414021],[26.9104195,40.6393217],[26.9152541,40.6148655],[26.8985308,40.5870072],[26.9111486,40.5749962],[26.907088,40.5382581],[26.9337295,40.5227947],[27.2451095,40.5363771],[27.3164922,40.5267119],[27.4640379,40.7095913],[27.6224133,40.7787056],[27.7820558,40.7969321],[28.1079924,40.7469171],[28.2217475,40.7411069],[28.0133454,41.0352477],[27.9742494,41.0425888],[27.9839896,41.0716475],[27.9713956,41.1004234],[27.9774888,41.155784],[28.011457,41.16293],[28.0223662,41.1800214],[27.9996791,41.2390965],[28.0767309,41.2879246],[28.1007546,41.4038833],[28.1221685,41.4099226]]]}},{"type":"Feature","properties":{"il":"canakkale","name":"Çanakkale"},"geometry":{"type":"Polygon","coordinates":[[[26.7157473,40.6293111],[25.6791756,40.2271401],[25.6384376,40.1932219],[25.6214955,40.1489822],[25.631803,40.1035555],[25.7142474,39.9719072],[25.8916125,39.8905481],[25.8894671,39.8538496],[25.9282424,39.7143525],[25.9288015,39.4665711],[25.9454974,39.4291161],[25.9817325,39.3961804],[26.5113055,39.4380706],[26.6105816,39.4672281],[26.6578256,39.5397877],[26.652927,39.6625767],[26.6777724,39.7038884],[26.7519696,39.7465597],[26.841106,39.7709147],[26.948378,39.7866502],[27.1122327,39.7471304],[27.20237,39.6840718],[27.3141634,39.678152],[27.3725159,39.7111067],[27.3834472,39.7455046],[27.4111084,39.7595561],[27.4535954,39.7516717],[27.4764427,39.7846008],[27.4894745,39.8707906],[27.5455957,39.9113218],[27.5486965,39.9258991],[27.5196349,39.9557044],[27.5167641,39.9776625],[27.4775854,39.9737646],[27.4478095,39.9912364],[27.4792005,40.0354116],[27.5036414,40.1262466],[27.4544774,40.1395677],[27.3794153,40.1332946],[27.4444648,40.2212736],[27.5073349,40.2632809],[27.5240335,40.3173298],[27.5242983,40.3393707],[27.3892928,40.4846276],[27.3164922,40.5267119],[27.2451095,40.5363771],[26.9936418,40.5190975],[26.9337295,40.5227947],[26.907088,40.5382581],[26.9111486,40.5749962],[26.8985308,40.5870072],[26.9152541,40.6148655],[26.9104195,40.6393217],[26.9349808,40.6414021],[26.9798424,40.679353],[27.0210847,40.6915577],[27.0320671,40.7314785],[27.0482912,40.7432043],[27.0288223,40.7513354],[26.9068877,40.753991],[26.8590939,40.7441498],[26.8528539,40.7276956],[26.7683008,40.7280167],[26.7157473,40.6293111]]]}},{"type":"Feature","properties":{"il":"yalova","name":"Yalova"},"geometry":{"type":"Polygon","coordinates":[[[29.5583037,40.6866012],[29.5395003,40.727936],[29.4935282,40.7398757],[29.3157266,40.7376735],[29.0582449,40.7679112],[28.6310489,40.7436717],[28.6579968,40.5698761],[28.6831328,40.5132077],[28.7342427,40.4737024],[28.902654,40.4214179],[28.9646561,40.4182285],[29.003198,40.4297096],[29.0159803,40.4488119],[28.9949528,40.4865252],[29.0079415,40.5448454],[29.0319438,40.5797473],[29.0619069,40.5616104],[29.0850034,40.5764285],[29.100141,40.5676566],[29.1486749,40.5759544],[29.1667775,40.5428756],[29.2291004,40.5206063],[29.2564811,40.5360192],[29.3150028,40.5245527],[29.3474836,40.569099],[29.4469034,40.5418957],[29.4572032,40.564306],[29.4989246,40.5757802],[29.4988879,40.6457022],[29.5390062,40.6562593],[29.530321,40.666167],[29.5583037,40.6866012]]]}},{"type":"Feature","properties":{"il":"kocaeli","name":"Kocaeli"},"geometry":{"type":"Polygon","coordinates":[[[29.8806654,41.0407047],[29.7963478,41.0106374],[29.7340442,41.0443877],[29.7044336,41.0317702],[29.7182833,41.0020978],[29.6889233,40.9866464],[29.684056,40.970269],[29.6598435,40.9675348],[29.6110513,40.9823132],[29.5978181,41.0284731],[29.5086371,41.041655],[29.4929349,41.0083022],[29.5064693,40.9880709],[29.479224,40.9577011],[29.4374215,40.9379749],[29.4562046,40.9123163],[29.3644095,40.8591931],[29.3630403,40.817093],[29.348538,40.8240644],[29.316089,40.787562],[29.3157266,40.7376735],[29.4935282,40.7398757],[29.5395003,40.727936],[29.555966,40.6980396],[29.5506057,40.6756246],[29.530321,40.666167],[29.5390062,40.6562593],[29.4988879,40.6457022],[29.4924475,40.5931809],[29.501505,40.5841063],[29.4810916,40.5612051],[29.4983334,40.5247959],[29.6255022,40.5457264],[29.7046693,40.6144126],[29.8957741,40.5741272],[29.9100426,40.5525886],[29.9052577,40.5301248],[30.0309624,40.574763],[30.0534242,40.5936054],[30.0928564,40.5869864],[30.1177471,40.5979304],[30.1695431,40.7084202],[30.2550776,40.7346826],[30.2410334,40.7787599],[30.2168132,40.7955372],[30.226515,40.8049512],[30.2146948,40.8217551],[30.2288783,40.8482902],[30.2566433,40.8466331],[30.2521087,40.8585474],[30.2672648,40.866789],[30.2366875,40.9024199],[30.2604494,40.9067752],[30.2837564,40.8936131],[30.2928219,40.9058287],[30.2753218,40.9189065],[30.291095,40.9300433],[30.2780418,40.9392804],[30.2915524,40.9554463],[30.2786631,40.9563918],[30.2607067,40.9865252],[30.2371739,40.9797016],[30.22596,41.0151945],[30.2661905,41.0509611],[30.2442351,41.0836789],[30.2815499,41.0892581],[30.323187,41.1210106],[30.3310865,41.156586],[30.3657268,41.1683996],[30.5117269,41.351],[30.4119417,41.391],[30.2547673,41.417],[30.1366929,41.395],[30.0472285,41.339],[29.9380986,41.342],[29.9101194,41.1202676],[29.9187286,41.098859],[29.954399,41.0987863],[29.9572395,41.0837102],[29.891256,41.0930163],[29.8806654,41.0407047]]]}},{"type":"Feature","properties":{"il":"istanbul","name":"İstanbul"},"geometry":{"type":"Polygon","coordinates":[[[28.0134334,41.0342521],[28.2217475,40.7411069],[28.4603777,40.7289169],[29.0582449,40.7679112],[29.3157266,40.7376735],[29.316089,40.787562],[29.348538,40.8240644],[29.3630403,40.817093],[29.3644095,40.8591931],[29.4137137,40.8790203],[29.4165885,40.8981614],[29.4533547,40.9092489],[29.4402575,40.9437888],[29.479224,40.9577011],[29.5064693,40.9880709],[29.4929349,41.0083022],[29.5086371,41.041655],[29.5978181,41.0284731],[29.6110513,40.9823132],[29.6716866,40.967857],[29.7182833,41.0020978],[29.70751,41.0342359],[29.7340442,41.0443877],[29.7963478,41.0106374],[29.807712,41.0209566],[29.8307462,41.0116278],[29.8806654,41.0407047],[29.891256,41.0930163],[29.9541124,41.0799408],[29.954399,41.0987863],[29.9187286,41.098859],[29.9101194,41.1202676],[29.9380986,41.342],[29.5730723,41.3793698],[29.3067202,41.4313989],[29.2010679,41.4323994],[29.0278991,41.4564129],[28.7196882,41.5464634],[28.4151633,41.671],[28.1383407,41.5823671],[28.1179902,41.5633913],[28.1195136,41.5342384],[28.0705924,41.509994],[28.0708971,41.4940543],[28.1112004,41.4658485],[28.1102429,41.428559],[28.1221685,41.4099226],[28.1007546,41.4038833],[28.0767309,41.2879246],[27.9988287,41.236309],[28.0223662,41.1800214],[28.011457,41.16293],[27.9774888,41.155784],[27.9713956,41.1004234],[27.9839896,41.0716475],[27.9742494,41.0425888],[28.0134334,41.0342521]]]}},{"type":"Feature","properties":{"il":"tunceli","name":"Tunceli"},"geometry":{"type":"Polygon","coordinates":[[[39.8019051,39.6149985],[39.7887914,39.5791542],[39.8053785,39.5271417],[39.625012,39.4492481],[39.5820256,39.4412085],[39.5551591,39.4589721],[39.5363525,39.4902093],[39.5568382,39.5232459],[39.4933597,39.5000187],[39.440802,39.5049421],[39.3932691,39.4779538],[39.298496,39.4544365],[39.2844725,39.4868015],[39.2646585,39.4884862],[39.1969884,39.4676192],[39.1227697,39.4682673],[39.0750096,39.4529127],[39.0435602,39.384147],[38.9802501,39.3382211],[38.9553549,39.3524626],[38.933529,39.3242405],[38.9062466,39.3250319],[38.8671468,39.3479183],[38.8134865,39.3479795],[38.7892734,39.3216023],[38.7947093,39.2856564],[38.8599162,39.2848618],[38.9425356,39.2579082],[38.9259593,39.2393598],[38.8847459,39.2259285],[38.7487053,39.204053],[38.751811,39.183942],[38.7697017,39.1855034],[38.7734802,39.175205],[38.7590229,39.1459705],[38.7339867,39.1382435],[38.7335568,39.116168],[38.7448193,39.1086968],[38.7549,39.0241152],[38.7902756,38.9828871],[38.7816615,38.952888],[38.7401263,38.9033086],[38.7685831,38.8828409],[38.8127745,38.8748238],[38.9419325,38.8951028],[39.0702665,38.8895488],[39.1080476,38.8726038],[39.2608185,38.8584358],[39.2645532,38.8438334],[39.3108215,38.8181687],[39.3708266,38.8045496],[39.3936006,38.7731696],[39.4367549,38.7861188],[39.4481694,38.7709183],[39.4837427,38.7631676],[39.5086205,38.7686337],[39.5066731,38.7876103],[39.5311776,38.8175198],[39.5476143,38.808626],[39.5833767,38.8251436],[39.5968486,38.8115281],[39.6457158,38.8176149],[39.6849483,38.7993203],[39.7036561,38.8003177],[39.6939103,38.8200204],[39.7181147,38.8339561],[39.7983838,38.8210601],[39.7979031,38.8482293],[39.8280204,38.8792598],[39.8477932,38.8808796],[39.8420553,38.8968203],[39.8739855,38.9155685],[39.8677662,38.9394116],[39.8882356,38.9966788],[39.9015582,39.003111],[39.8631273,39.0536877],[39.9522873,39.1216853],[39.9440852,39.1897676],[39.9819373,39.2080202],[39.9924795,39.2388163],[40.0302655,39.2699964],[40.0215408,39.3100962],[40.0421818,39.32242],[40.1152437,39.3016668],[40.1558362,39.3467985],[40.2371868,39.3677787],[40.2902988,39.4451324],[40.2820723,39.494102],[40.4038294,39.5650207],[40.3626124,39.5901138],[40.2410942,39.5698239],[40.1718408,39.5802209],[40.0633063,39.5505634],[39.873122,39.5891241],[39.8019051,39.6149985]]]}},{"type":"Feature","properties":{"il":"gumushane","name":"Gümüşhane"},"geometry":{"type":"Polygon","coordinates":[[[39.0747478,40.361089],[39.0045835,40.3350078],[38.9483856,40.2581133],[38.9038457,40.2387901],[38.9085726,40.2251994],[38.8813351,40.1951192],[38.8821644,40.1497667],[38.9055405,40.1472164],[38.9576182,40.0970153],[38.9444952,40.0512065],[38.9927425,40.0506219],[39.0891684,40.00984],[39.1262045,39.9862421],[39.1228408,39.967062],[39.140538,39.9493117],[39.2715694,39.9217963],[39.2941257,39.8930112],[39.4693936,39.8589893],[39.5243601,39.8792265],[39.5407577,39.8665769],[39.5434235,39.8409177],[39.5973534,39.8361941],[39.5589335,39.8855779],[39.6134962,39.897523],[39.6326235,39.8652118],[39.6531187,39.8626693],[39.6943284,39.8860244],[39.798187,39.8970799],[39.8167176,39.9194755],[39.6908272,40.0024211],[39.6630441,40.096799],[39.7499709,40.1544644],[39.836375,40.1931843],[39.8537239,40.2171077],[39.8492082,40.2766316],[39.802039,40.3063676],[39.8172463,40.3127054],[39.8659009,40.4133034],[39.9209269,40.4760931],[40.0129674,40.5009743],[40.0686257,40.5025351],[40.0905704,40.5214659],[40.1033255,40.5414648],[40.0728488,40.5937212],[40.0902083,40.6098206],[40.0774195,40.6320157],[40.051061,40.6278876],[40.0396035,40.6512125],[39.9911784,40.6468478],[39.9960734,40.6107317],[40.0090723,40.5989173],[40.0019546,40.5812765],[40.0348851,40.5640162],[39.9644272,40.5286981],[39.9194699,40.5588717],[39.9184671,40.6060153],[39.8423534,40.6114968],[39.8238013,40.6730558],[39.8555905,40.725287],[39.8326994,40.7452436],[39.8166976,40.727987],[39.7696143,40.7241982],[39.7487668,40.6552151],[39.7115373,40.6216372],[39.6145148,40.6265846],[39.5646247,40.6001309],[39.4340393,40.6269414],[39.41696,40.6583295],[39.378571,40.6653422],[39.3408087,40.6912473],[39.3293703,40.7236739],[39.2414672,40.7220114],[39.2076222,40.733292],[39.197594,40.7518117],[39.1535641,40.7261676],[39.1339387,40.7755845],[39.1358516,40.8059249],[39.0693858,40.7781095],[38.9957582,40.7719063],[38.9515593,40.7581837],[38.9230122,40.7313863],[38.8957853,40.7286002],[38.9150034,40.684432],[38.9068518,40.6613145],[38.8509752,40.6650947],[38.8273913,40.6144836],[38.7978057,40.5939193],[38.7991805,40.5724404],[38.7453227,40.5457953],[38.7483292,40.5141752],[38.8295438,40.4903033],[38.8649845,40.5025064],[38.8772018,40.4934686],[38.874702,40.4736406],[38.9525523,40.4664413],[39.0273141,40.3860603],[39.0696849,40.3784936],[39.0747478,40.361089]]]}},{"type":"Feature","properties":{"il":"rize","name":"Rize"},"geometry":{"type":"Polygon","coordinates":[[[40.7762699,40.5528244],[40.794438,40.5804498],[40.8273932,40.5730387],[40.8620151,40.5920688],[40.8652357,40.6211435],[40.8268725,40.6594964],[40.8620576,40.6812849],[40.8572958,40.6966783],[40.8853155,40.7077537],[40.8694742,40.7231682],[40.874719,40.735521],[40.9241543,40.7338746],[40.9758142,40.7626229],[41.058304,40.7691489],[41.118135,40.790006],[41.1141067,40.8210058],[41.1293315,40.8256779],[41.1436766,40.8589133],[41.2159921,40.9081451],[41.2166949,40.9314495],[41.245238,40.979704],[41.3212793,41.0158401],[41.3681149,41.0888653],[41.373966,41.1344897],[41.3437845,41.1724991],[41.3389768,41.2064677],[41.2871606,41.2498575],[41.2462108,41.3235292],[41.0363073,41.462],[40.9194969,41.391],[40.7952331,41.373],[40.6686802,41.334],[40.5511555,41.254],[40.2902089,41.212],[40.1516455,41.14],[40.3529466,40.9669926],[40.3987474,40.9614956],[40.4195595,40.9036528],[40.4753094,40.8555015],[40.4186392,40.8050935],[40.4326479,40.7792247],[40.416534,40.7564472],[40.442027,40.7316716],[40.4805704,40.7365957],[40.5074515,40.7146281],[40.4801564,40.6632153],[40.4369865,40.6219741],[40.4411459,40.5994702],[40.4649154,40.5831287],[40.4782247,40.5251685],[40.5164989,40.5179744],[40.5625799,40.5548348],[40.646553,40.5638796],[40.6620017,40.585352],[40.7156091,40.6045525],[40.7229509,40.5955057],[40.7751738,40.6022907],[40.7854369,40.5830357],[40.7651864,40.5665174],[40.7762699,40.5528244]]]}},{"type":"Feature","properties":{"il":"siirt","name":"Siirt"},"geometry":{"type":"Polygon","coordinates":[[[42.3625336,37.7097685],[42.39064,37.711817],[42.4219162,37.6921729],[42.4629746,37.7166612],[42.5292998,37.7266541],[42.8407121,37.659676],[42.8845218,37.7668903],[42.7721289,37.9340698],[42.7463469,37.9402153],[42.7360479,37.9990545],[42.7098881,38.0194446],[42.6832876,38.0304943],[42.6631905,38.0244853],[42.654682,37.9990488],[42.6081973,37.9802068],[42.581749,37.976861],[42.5344355,37.9940414],[42.4887225,38.0433337],[42.3748166,38.0888374],[42.3718036,38.1047533],[42.3896785,38.1273519],[42.3314529,38.109953],[42.2870706,38.1193931],[42.2363234,38.1802386],[42.2459616,38.232564],[42.2232992,38.2367071],[42.1162845,38.2167347],[42.0407329,38.1730673],[41.976486,38.1685454],[41.9703071,38.1577338],[41.9313513,38.185063],[41.8240244,38.2028061],[41.785283,38.235676],[41.6828224,38.2436999],[41.6606902,38.267337],[41.6309573,38.2273069],[41.643274,38.1576877],[41.6074435,38.1108138],[41.6096829,38.0838893],[41.5468551,38.0610691],[41.5319257,38.0142312],[41.5222216,38.0098202],[41.4949645,38.0400518],[41.4816556,38.0396734],[41.4354924,38.0032576],[41.3618871,37.969449],[41.3692001,37.9475663],[41.4398784,37.8971777],[41.5226179,37.8623029],[41.5900848,37.8806017],[41.6063433,37.8713011],[41.644827,37.8803621],[41.6806065,37.8616187],[41.7028027,37.8309828],[41.6646905,37.7428431],[41.6779437,37.725639],[41.695898,37.7280965],[41.7156788,37.7079665],[41.7195085,37.7266294],[41.77459,37.7328302],[41.7747929,37.7155012],[41.8202283,37.7127122],[41.8124738,37.695317],[41.8740465,37.6828242],[41.9958814,37.6257352],[42.1475023,37.6301986],[42.1536959,37.6066718],[42.2478818,37.5818304],[42.2827426,37.6056319],[42.2572078,37.6558543],[42.3022198,37.6348176],[42.3158829,37.6397712],[42.3239563,37.6604301],[42.3626476,37.6737614],[42.3625336,37.7097685]]]}},{"type":"Feature","properties":{"il":"ardahan","name":"Ardahan"},"geometry":{"type":"Polygon","coordinates":[[[43.4411851,41.1785947],[43.367357,41.203384],[43.229621,41.1723443],[43.237638,41.184119],[43.194366,41.253988],[43.127956,41.253476],[43.211935,41.289806],[43.2125941,41.3062313],[43.1354266,41.3187299],[43.096154,41.357131],[43.018652,41.375661],[42.989095,41.4245173],[42.967367,41.43436],[42.967043,41.451539],[42.89941,41.478982],[42.900942,41.5003],[42.875751,41.502307],[42.851401,41.470554],[42.80239,41.495777],[42.798098,41.518316],[42.8403764,41.5892639],[42.793404,41.588342],[42.780882,41.576896],[42.740135,41.596111],[42.6928954,41.600207],[42.600945,41.584851],[42.573749,41.557961],[42.580754,41.543211],[42.564778,41.525278],[42.572898,41.509911],[42.512435,41.469831],[42.52445,41.444114],[42.5200423,41.4075304],[42.591089,41.3492056],[42.5701639,41.2600522],[42.5016164,41.1722446],[42.3579362,41.0787422],[42.3763413,40.9950234],[42.3626239,40.9553273],[42.3396562,40.9379257],[42.3499953,40.9211229],[42.3181256,40.8906477],[42.3159224,40.8826081],[42.3340257,40.8988657],[42.3641438,40.8954006],[42.3571383,40.8566668],[42.3408664,40.8536961],[42.3293815,40.826141],[42.3566663,40.8260181],[42.3353635,40.8214913],[42.3414321,40.8065167],[42.3590482,40.807151],[42.3603205,40.7923978],[42.3935602,40.7881762],[42.4247428,40.816575],[42.4775376,40.8217202],[42.5001038,40.8037283],[42.4881018,40.7859996],[42.5106135,40.7925667],[42.5637741,40.7770556],[42.5736394,40.752967],[42.593681,40.7463631],[42.5807873,40.7316712],[42.5991595,40.6934598],[42.6201865,40.6801472],[42.5922246,40.6310563],[42.6023765,40.6291667],[42.6182058,40.6447048],[42.6707411,40.6538197],[42.8514048,40.7313047],[42.8614301,40.809982],[42.8937926,40.8180681],[42.9064207,40.8832757],[42.9503745,40.8772707],[43.0144118,40.9476252],[43.0783397,40.9750708],[43.1500589,40.9684638],[43.2055322,40.984555],[43.3435739,41.0951827],[43.4246991,41.0697983],[43.4682566,41.0332775],[43.471514,41.0675026],[43.4471395,41.0988144],[43.474145,41.123038],[43.4411851,41.1785947]]]}},{"type":"Feature","properties":{"il":"burdur","name":"Burdur"},"geometry":{"type":"Polygon","coordinates":[[[30.4228961,37.8200609],[30.3731979,37.8461631],[30.3266356,37.8363241],[30.3240614,37.8102183],[30.3002844,37.7996667],[30.1927169,37.7841595],[30.1178002,37.7986669],[30.0478943,37.790497],[30.0256915,37.8074119],[29.9939163,37.8069305],[29.8970523,37.7774879],[29.8454953,37.7297038],[29.8202472,37.6854738],[29.7643407,37.6940365],[29.7475087,37.7144879],[29.6946079,37.7171034],[29.7021222,37.7078299],[29.6831861,37.6552586],[29.7306766,37.6233646],[29.7102376,37.6074125],[29.6230659,37.6340914],[29.6144474,37.6210085],[29.5431398,37.6085873],[29.5064954,37.5858726],[29.5695593,37.5694896],[29.586636,37.5407514],[29.5847408,37.5280371],[29.500837,37.5052904],[29.5623226,37.4404107],[29.5935266,37.4490001],[29.6230363,37.4380585],[29.6206109,37.3538501],[29.593086,37.3301806],[29.5806715,37.2921099],[29.5241745,37.2931317],[29.4617386,37.2060042],[29.4431243,37.196267],[29.4513704,37.1629145],[29.4475004,37.1239969],[29.431127,37.0992279],[29.4415464,37.0831593],[29.4295393,37.0397651],[29.4046319,37.0499032],[29.4013572,37.0653454],[29.3826999,37.0665492],[29.3712649,37.0510825],[29.3726216,36.9887199],[29.3914215,36.9817531],[29.3500357,36.9456037],[29.3297025,36.8680149],[29.3703921,36.8423735],[29.3817767,36.8124194],[29.4228457,36.7982264],[29.4530269,36.83258],[29.5176765,36.8557102],[29.5427946,36.9278318],[29.5825784,36.9608895],[29.6490829,36.980469],[29.7308239,36.9588651],[29.7943803,36.981717],[29.8809946,37.0389524],[29.8123012,37.0990004],[29.8488722,37.185956],[29.9173526,37.2194935],[29.955766,37.2158085],[30.0673355,37.2453316],[30.1454095,37.3171015],[30.2002671,37.3184064],[30.2830505,37.2999873],[30.3548079,37.3058706],[30.4144282,37.2822844],[30.4160271,37.2402232],[30.4269549,37.235923],[30.4785343,37.2456746],[30.5359892,37.2340736],[30.6739527,37.2510908],[30.7717091,37.2309026],[30.8459484,37.2386949],[30.8939269,37.2985957],[30.9131055,37.3898903],[30.8627776,37.4333263],[30.8391036,37.4318003],[30.8188864,37.4932451],[30.7683305,37.5725336],[30.7407277,37.6679647],[30.6492943,37.6715856],[30.5719818,37.7068501],[30.4978659,37.6938737],[30.4412756,37.7326678],[30.4469892,37.7724229],[30.4228961,37.8200609]]]}}]}